id,sequence,length,detected_species,confidence,method,latitude,longitude,sampleDate,depth,reads,region
EDNA_0001,AAAAAGTGTTGCAATACACTTGAAGTCGCGTAATAGACGCTGCTGTAGGCCTCGCCGTCGAACAATCCGCTCTGATCTCGAAACGGGAGATACCTCGCGTGCGAGTCTTTGGCTTAAAAGCTTAAGGAGATCGCCCCGGCGTTCAATTGAGGACTACTCAAATACCCTG,169,Epinephelus lanceolatus,0.937,Kraken2,-6.151,89.7274,2025-09-02,3.1,3315,Indian Ocean
EDNA_0002,AAGTTGAATATGATTCATAAGCCTACCAGCCCATCGCGCCCTGTGATTGATGCTGGTTTTTAGAATCGCTAGGATATAGTGGCCAAATTTGGCTCGTACCATCACATTCCGGATAGGCAGGGATTCAAGGAGTCGCCACCTATTGGCGAATCAGGATCGTAACCCGGATGACCGAGTGGCCCTGTACCCTGTGGGATGCGTGGGGCCTGCTTGCTTCCTTCAGCTGTCCGGATTTCCGATCAGATGATCTGGTAATAAAGCGT,263,Scomberomorus commerson,0.868,BLAST,19.7168,60.0769,2025-09-14,27.9,2399,Arabian Sea
EDNA_0003,ATTATTTCATCTTACTCGCGAAAGCGCTGTCAAGGCGTAGCCATTATGTGCGTAGTGGGTGTAGTTGCACACTATTGCCGTGGGCCGTGTGATGAAACGTGCTCTGC,107,Rastrelliger kanagurta,0.884,Kraken2,17.4535,85.3065,2025-06-23,27.0,2679,Bay of Bengal
EDNA_0004,GCACCAATGGTCCCAGACCGATATCACACGGGTAATCCAATTCGAAAATTCACGCAAACTTATGGCGAGGTACATTAAGGCGGGGGTAACGACACCAGAGGTCGCCTGATGCATACAATGTCGACGTCATCTAGTGTAATTTTCGAATCTCCACGGTTATGAGCCAAACCCGTAGCTACTCGATAGTGCCGCGGATACCCGTTTGTACGTTGGCCGATCGCCGGTAAGGCACCCCTCTGGCCCCAATGTGGTAATTCCCCCTACTTTCTCTACCACGTATTGGGACCACACTACACATTGTAACGCGTTTCAAAAGGGCAGGAAATAAGCGCAGTAGCTCTACAGAAAAGCCCGGTATACCCAAGTGGCCTTATTATTTCGCTTACTGACTAAACAAAAGCTTCGCACAAGGGGGATATCGTAACATTCTAAGTAAAAGCGGGTGCGATGCGCCGACCACGTTGGATAAAG,471,Thunnus albacares,0.923,Kraken2,8.1799,72.3957,2025-12-04,16.1,3470,Indian Ocean
EDNA_0005,GGGAGCAATGCTACGTTCAGAATCCCTAACATGTCCTCGGACGGACTCATGTCATGGGTGACCGTCAGCTTTAACAAGTTGTTTATCGTTGAATGTTGGCGGTGGAAGCTGAGGACTGTAGCTAGGAGATCGGATAGCGGGATCAGTGGATCCAAGAAAGGGGAAGACAATACTTACTCTAGGCAGAGTCTTTTTGAGCCCTCTTACGCTACGACATGGGCAGAGACTTGTATTGTCCGCGCTCGAGCATTTTACAAGGCTCAGCCGGCACAGTCACTCACTACTGTTCCTTAGTAGCTTCAGTGACCTGCTCAAGGAATAGTGATTTATTTATCGGGATCTACCAGGGTGCATAACCCCCCCGGGGTTCTCTCGGTAGGTGACGGGG,388,Caranx ignobilis,0.87,BLAST,20.2635,62.6506,2025-11-05,13.5,4687,Arabian Sea
EDNA_0006,GAGCTGCAACGGATCGTACAGTGAGTCGGCAGAAGCTTACACTCCTTCATAGTTCGTTGAATCGGCATCAATCCGCAAATACTCGTGTCAAGTTCAACGTGTGGAA,106,Epinephelus lanceolatus,0.959,BLAST,18.358,80.444,2025-08-05,4.2,825,Bay of Bengal
EDNA_0007,AAAGCTAGGCTGATAGCCGTTCATATCCTTAGGATGTTAGTAGAATCGGTGATGTGTGATGTGGGACAGTGCGTGCCAAGACTCGGGATGATGAGCGCCTATGCATGACACGTTTTTCACGAGGGGCA,128,Thunnus albacares,0.864,BLAST,-3.1144,67.9468,2025-11-02,44.4,4016,Indian Ocean
EDNA_0008,GACCGCTCTTAATATATCCAGGCACGCAACTCGGGGCGATTTTTTTGTGGTTGGTCCAAGTCAGCTTGTAACAGCTACGCGCGCAAGCATAGCACCTGTCCATAGAGATGCGTTTCGCGCTTGATCCGGCGT,132,Sardinella longiceps,0.965,BLAST,10.7356,61.0534,2025-07-12,26.5,4522,Arabian Sea
EDNA_0009,TATGTACATGAGATGCTTAGTAATTGTTACGCATATGTAAGGCGTTCCAGTTACAGCCGCCGCCTGAGCTCGGCGATATGACACGCGATACGCACAGCATCAGTGGTGAAAACCTACATGCACTAAACTTCCTGTAGAGATATACCGGGGGAGTGATTGGAGCCACTTCCTTCCATATCGG,181,Epinephelus lanceolatus,0.874,BLAST,-0.7683,70.3603,2025-10-12,22.3,3282,Indian Ocean
EDNA_0010,TCCGCGTTCTTGCTATGGGCGATATATCTACCAAAGATGCCAATCGTTCATATGTAAGTCATCATTTAATTCTTCTACATAGACACCTCGGATAACACCATTTCCACCATCTTTTGCCTGTCTGGTAAGACCCCCCTCTCATATCACTTACCGCGGATCTGCATTTACGCTCACAGAAGGCGTCCTTAACTTTGATAACATTTAGTATCGATATCAACACTTCTC,225,Caranx ignobilis,0.988,Kraken2,16.8447,61.1116,2025-09-18,6.8,4741,Arabian Sea
EDNA_0011,AAGCGCAAGTACGTCAACAGCACTACTATAGACAAACCGCAGTGTCCTAGAGTTCACCAGAGTACGTTAGCCAGGTGGAACTCCGTTCTTTCGAGACTTACTGTTATGCAGACTGCGACTCAAGGAGTGCGAGAGCGTCTCACCGATACATGGGCATAGTGTAGAAATCCGAACCGGATTCTACGTGCTACATTAGACGGCACTGGGCGGTCAGATACCGGCCCCCTAGGTCGTTACATCTTGGCCGTACGAGCCGGTAAGACACTTTGTAGGTCCCCGAACCGAACAATTCGTCAAGTATACCCTGATTAAGAGAATTGTCAAAATCCAAACGTGTGTGTGCAGGATCCCAGGGTGATGTACTCCTCGAATTAGACCGCATTGATTTGGTCAAGACGCGATATGGGCATTACTATCTGAAAAGTGCTATGATATCGTGCGCCCACGTCCGTCGAGCCG,459,Katsuwonus pelamis,0.867,Kraken2,19.8816,74.3508,2025-06-12,20.8,1910,Arabian Sea
EDNA_0012,CGGTCCACCAAAGATGACCACTCCAACGACTCCGCTACGGATCGATGAATATGCGACGTCCCGTCTTTATTGTAGCGCCGTGTCTACGACAATATACCGGAGAACGACCTTCTAGTCATCCTTGTGGTAGATTCCTAATCCTTTTGATCGGGGGTAAACGCACTTTTTCAGCTCGACCAGAGCCCTGCGGACGTCAAGCCCCACCGTACTCGGTT,215,Katsuwonus pelamis,0.911,Kraken2,11.4394,61.0931,2025-08-25,15.0,2441,Arabian Sea
EDNA_0013,TCCGCACACACCAATAAACTGCCCGTTTTCCGTGAGCCTACAGCACGCTGGCTCGATAATATTGCATTTGTCGGCACTGGTAGAGAGCACGTAGAAGAGTTTTTTCAGCAATCAGAAGCTGGGACGCCAGGCGAT,135,Thunnus albacares,0.909,Kraken2,5.9059,67.3426,2025-10-19,36.9,4644,Indian Ocean
EDNA_0014,ACTGGCGACGTGTTTAATGTGAGATCCGGGTAACTAGAAGATTAGCTGACACTCGAGTATTCCGCACACGTGCCCACCGAATGCGGAAACATTCCATGTTGGTCTTTATAATTGCTATAAATGGGCAGCGAAATCAACTGAGTCGAGAACACAACAATAGCAACTAGTCCAGTTATCGCCTTCGCAGCTCTAAATCAGCCGTTAGGTGTTAA,212,Decapterus russelli,0.893,BLAST,1.5389,73.9764,2025-08-13,49.0,3698,Indian Ocean
EDNA_0015,CCAGGTCATCAGTCGTTTCGCGGCGCAACCGAAAGTCACAGGGCGAGTCACCACATATTTAGTCAGTTTACGAATAAGCTATCGTAGAGTTACGGTGCTAAATGCGCCGGGGCCTAAATTATCATCTAGTCAAGTTCCGCAACCCCATGAGGAGTGTAATGCACTTGTGCCGTCCCAAAT,180,Katsuwonus pelamis,0.864,Kraken2,-3.8204,73.647,2025-07-07,7.0,1331,Indian Ocean
EDNA_0016,GGGTTCCAGGTCAACGTATAGTGAGTGGGGCACAGGTTCGCTGAAATCGGGGTACTTCCAGCTCTACCAGCTATAAGATGTCGCTGTGTCTGACATAGTATGTATTAACTCATCCATATGGGACCCCCTAACCACGCTGGTTCTTGCTTCGCGATATACCGGTAGAAGCGGTTCTCTGTAACAGTAGCTTCAATTAGTTTAGCCACTGGCCTGCTGGCTTACGCGCGGTTGTGCGAATCGAGTGGCCCCGGTCTGTACGGCCTATGTGCGTAAAAGGGTGTATCTGGATCGTACGACGGACCATGAACCTAATTGTCCAAGGCGGACATGACTCCTTTGGGTGTAACCTCTTCAAAGAAATCAGATTACTAGACTGCCGCAGGCCGATAGTCTGCAATGTCGCATCCGCTCCGCGTCCGGAACTCTAACCAGAGCGTGATAACTAAGTGGCTTTGAAGCGTTGGTACGTAAAGGGTCGTCTCTTA,485,Epinephelus lanceolatus,0.912,BLAST,17.1491,92.3419,2025-06-10,2.1,3791,Bay of Bengal
EDNA_0017,TTTGTGTTTTGCGCCATGGCAAGCGGGATTAAATTAAAAACTGATGCTCCAACTCAAGGAACAACTGAAGTTCAACGTGCTCTGTGCACGCTCGCCGTAATCAACCCGTGGGAGCCTGCCCAAGGATAACGGAGCCTCACCTAGTTTTAGACCTTGGGGCCGTAGATACCAGCCTACACATGCGGCTGGTTCCACTTAACGGCGCTATCTCCAGTTTGTCTGACTCCCCATGCGCGAAGGTGGGATTAGAGCTGAGAGGCTGACGCCCTCACAGGCTGTCTCTCGATTCCGGAGAGCGCGATGGTTTTTGAATATTTGTGACGTCACGGCACAGTCTCAACGAACAATATAATTGAGCTCGTTCACAGTCGCCTCCT,377,Thunnus albacares,0.907,Kraken2,12.1897,85.323,2025-11-05,13.3,4152,Bay of Bengal
EDNA_0018,ATGGGGTTCGGGCCTTTATAATCGTACCGGGGCGAAACATAAGTTAGCACCCGCTACAGCCACCTGGGCGGTGCGAAATCCAAGGCACTGTCCAGGAGCTACCACGACGGCAGGGTCATCGATCTTTGCCGGTAGTCCAAGCGAGTCGTAAGAGTAAGTGGGGTACATATCCCCATAGGGTTCAGTGGGACCTCTCTACCGTGGGTTTCATTATTATAGTTAAACGCTGGTCCAGCAGTTTAGGGGCGCAAGAAACTGCTTGTCAACCTTTAAGTTCTAGAGCTACGGAGTAAAGATTTAATTTGAGCCCAACTTTTTTATAAGGTACAGTGATCCCTCAACTCCTAGAAGAGGAGTACCTAAGGCTAGTGGTATTTACGCGTGATGTGAGGAATGATGTGTATACGTAGAGATTGGCCACATCCTGTAAGCGTAGAGCGTTCTTACACAAGGGCAGTCCTTCGCGAAGGGACATGCCATCGT,483,Epinephelus lanceolatus,0.892,Kraken2,12.1072,64.7087,2025-06-19,36.5,1072,Arabian Sea
EDNA_0019,CCGATTGAGATACGCTGACACATATTGCTAACACACCCCAGCTTGTCTGAATCGCGGTGAGAATGAACTCAGACTATTTACGTTTCACGGACAGCATCGACGTCAAGATCAGACAGCGGCCATGCGTGGAGGTCGCTCGATTGGATGAATACAGTTACACCGAATTTGTCAATTCTGCGACTCCCGAGCCGCAAACTACACCCCTATATACTTTGGTTATCAAGATTCTTCGACATAATGACATCCGCATTGGA,254,Katsuwonus pelamis,0.91,Kraken2,21.0559,71.9301,2025-10-13,20.2,2079,Arabian Sea
EDNA_0020,ATAGGGTTACTGCGGGAATTAGCCTTGAATTGCACTGTGCGAACGCAGGCACGGTTTAGGATGAGGCGCGAGGCTTCTAGAGGTACGGGTACTTTTGTTCCGTTCTATCCGAAGAACACTTCCGGGCCCCGTCCTATGTTCTCACGAGGCCATGGCAAACCCTTGATCCAGGGATGAACAACAGCCAACGGTGGCAGTACCTCAAACCCGTTAAGACGGTACATGATGGATCTGACCGGTATCACAGCCTGAGGTGAGCGAACAAGTTCTGCAAGTGGGCCCACCTAAGGTTTGCGAATTGGGACGTC,308,Epinephelus lanceolatus,0.862,Kraken2,20.9402,88.555,2025-10-18,16.4,4644,Bay of Bengal
EDNA_0021,GGGCCGTATCCGGCGCGGCCCAAAAAACTTGACGGCAATTGCCTGTTTACCCACGACTTACGCGGACAGTTGCGCACGCCGACGCTAGACTGGACTGTCTACGTGGGTTTCCGTCCCTAATCCCTATTCTGTCTATACGAAAACAGTGCACAAGCTGGCGACTAAACGCTAAGTCAGGGCTTGTAGTTATTCCCATAGACGTATCACTGATCGTCATGCGTGGTCATTTGCTGGACGAAAACTCTTCCTAGAAGCACTATATTCCAGCGGTCAGCGGTAGTCACAGATACGTGGACCCGGAGGCACATCAGGCTAACGGACCTAGTGCGTCGTCGTTGGAATGTAGTTAGGGTAAATAGCGAACAACACCCCCTCGTGGAGTGCGGTGAGAAGCCGGAATATGGACAGTCCTCCGTAACGCACCCAGACACGAGGGAGTTTCCGTCACAACGTATCCTTCTTTGATCACCCACATGAATCTAAATTATTC,490,Sardinella longiceps,0.973,BLAST,16.3613,84.2422,2025-09-12,44.5,3647,Bay of Bengal
EDNA_0022,GTAGAGGCAATGCGGCTAAGGAGTGTCGTATTACGGGCATTATTGTTTACTTCAGTTCCGTAGCTGCGAGGACCGCGCTGGCTTGGCCATAGGGCCACTCCGGCAAGGGCTAACCGCCTTAATTGATCACAGGCGTAGGTTCGCATCGACTCTGTCTCTGTTCCACCGGCGCGGTATTCTCGAGGTGGCGGGCTTTAGATCGTCCAACAGGTTTAAGTAGCCCGCTGATCCAACTAAGATTCCAAATCTTCGCTTTCCTCCTGTGGGTTG,270,Lutjanus campechanus,0.869,Kraken2,10.6414,69.6464,2025-10-19,48.4,278,Arabian Sea
EDNA_0023,CATTGCGCCAGCAGCGGCTAAAAAATCCACCAGATGTGTGGCTCATAAATCCAATGGCCTGATGGGTGAGGCTCTACAATTATCGGAGGCACGATCACGCCGGTAGCCAGCTTAAACTTAGGTATAGGTGAGCATCGGAGTACCAGTTGTCGCGAGTAAGGCGACGACCTGGTCGGAAAATTAGGGTCTCGTCCGAGTTACACCCCCCCCGGATTAAGGATTCTCCCCGGCTAACTAGTCTGATCCGAAATCATCATATAATTCGCGCAGCTGTTGTGCTTTTTACTGGACATTGCGTCTTGTGCGGCGACCGAGCAACACTTTTGCATTTACAGCAATTCGGGGGG,347,Lutjanus campechanus,0.94,Kraken2,17.5589,60.3904,2025-09-02,23.1,3418,Arabian Sea
EDNA_0024,TCTGATTAGCAGCAGCCCCTTTGGGGTCGGCTTAGCATAACTGTCGTCTAATCACTGCAACCCCTAATCACGTGTCATACGGGGACTAGGTGGCATACCAAATACAAATTATTAGGCAACGGTAGTAGCGGAGAAATCGGTGCCCGCGAATATTGGGACCCGCGTCTCCCTGTGGAACGCAAATAGGCGCTGTCCTCATTAATCCCCATACG,212,Rastrelliger kanagurta,0.911,Kraken2,-0.5098,79.3083,2025-08-27,35.3,2892,Indian Ocean
EDNA_0025,CGACGCGCTAAGCATTTGCTGTAGGTCTCCATGTCGCCGAGATGTATCCGTTTGGTGTAATTACACATTATTCACACTGGCGACGTGTCTTGTACATAATGAGCCTACGGCCTGTAAACTGCACTCTCGGTCGGCTGCCGTAATCACTGGGAACCAGGTAATTACAATTAAGCCAAACGAGTCAAGTACAAAACTATAAATGCGAGTATGGGTCCTACACCCGCCTGGTCAACAAGAGGGAATGCTCTTCTCTCTTCATCTAAACCACACTACTAACGTACAACTCGTTATGTTTGCTGCCTTTCCAAATAAATCGGGGACTTTGTTTAAGATCTGTAGTTACCCCCGATT,351,Euthynnus affinis,0.929,Kraken2,4.703,85.5196,2025-07-04,49.6,468,Indian Ocean
EDNA_0026,TCACGTTGTGAACAAATCTTACCCTATGAGTATGAAGCTTAGGGCGCTGACTAAGCTCGCGCGGGGGTAAACATAAATTTCCGAATCGCTCTCTTCGCAAACCGCTGTCGGCGTAGTCCCTACCTACCACCGGGATTCACTACCCCTATTCGTGGAGTAAGAACCATGCGCTTGTAGCTTTTTCTGGCCCCAGTTTAAATCTGCCCTAGCTAGTGTGATGAGGGTAGCCGAGTACGGCCTCGCCCGATAGGGTAAAACGCCTGAGTCCTGCACACACACGAAACAATATCAACTCAATACTTCTCCCAACCTAATCGCAGGGTTGGATGGATCGAAG,337,Sardinella longiceps,0.927,Kraken2,17.4598,87.5781,2025-07-10,42.2,4027,Bay of Bengal
EDNA_0027,TTCATCGCGCAAGCCCGCCGTGACGATCGCCCATTAAGATTCGCGACTATCCTTACATCCTCACCTGAGGAAAACAAGTCCCTACTTGCCCCTATCAGCATCGGAAGACTGGTGTGCAGCTCCGTTTTGCAAAGGTAGTCTGACAGGTACTGGATTTCCCCGGTCCGGTTTGCCTGTCCAGCTCCGTAGAAGGCAGGCAGTCACATTCGACACCTCGCCTCTATTAAGTAAGTGTAGTGAAATGAACACCATCGGGCTCCTTCTCGTCAATCCCCGGATTCGCTGGTATTCCCCTGCGCTGACGCGTACGAGAGGTTCGGCACCGGCATACCACACTCGAGTTTCCTGGGTCGCCAAAGCGTTGAGACCCTCTTCCATACACCAGATTCCGCACAACGGAAACAGCGCAATCTCGATTCAG,421,Rastrelliger kanagurta,0.889,Kraken2,9.392,71.6086,2025-09-28,42.8,2963,Indian Ocean
EDNA_0028,CTATGACACCTTTGAGCGGACACCTACACTGTCACGCCAGAAAGATTAGTACCCGGACCATGACACTTGATACTATGCGCAGTTCGATCGCAGTTGCGTTAACGTTAGATTAACGATTAAAAAG,124,Sardinella longiceps,0.876,BLAST,-8.1142,81.7317,2025-09-07,19.0,3332,Indian Ocean
EDNA_0029,TTTTGCCATAGAATAGGAAGTATCTGGGCTGTGCGCAGGACCCCTTGGTTGAATCGACCCTTTCCAATATTCGACGGTTAGTAGGGACTCTTCCGTCGGTTATGGTTCACCGCCTCAACTCAGGTCATGCTGGATGAACTCAGGAGTAAGGACGAAACGTGCATAACTTCTCATTAGGAGAGCTTTTGCCTACCCACGTGACCTATTTCTTGTGGGTGTGATGTAAACCTGCTGCGAAGAGCGGTGGGGATAGTGACCGGAGGCGCTACATCGCTCTCCTGTCCAG,286,Euthynnus affinis,0.896,BLAST,9.5631,90.7125,2025-06-30,34.5,1146,Bay of Bengal
EDNA_0030,GATTCCTTACAATAGGGATGTGAGTTACCCTTAGGGCATCATACTGACATAACAGAGTACGACATAGCGGAACAGCCGCGAATCATGACCTACGACCCGTCCAACGGCAACCGCGTACGGAAGTCGCATCTTCCATGCTTAATGCGCCCCACAGTTGCCTAGGGCGCTTCCTAATTTGCCGATCGGAGAACTGTCACCCGATTGGACTAATTGGGTATAAGTTGCGGCCTCATCTACTACAACACAGGGTACAGACTTTCCTGTGAAGTT,270,Lutjanus campechanus,0.972,Kraken2,-2.0812,74.4755,2025-07-03,31.2,1020,Indian Ocean
EDNA_0031,TTCTGAGAGTTTCTCTGCTACCGCTTTGATAGGAAGCATTCTAGGAGCACGCATAACACGATGACAGGACGAAGTACCGGAATCTGGTTAAGTCGAGAACAGATACTGAATTGCAAGTGTTTGTACGTACAACTAAAGTTGCAGACCAAAGATTTTGACATGCT,164,Rastrelliger kanagurta,0.956,BLAST,-6.4777,83.2416,2025-11-13,1.5,286,Indian Ocean
EDNA_0032,TCGCGGCTCTGGTCAGTGGGGGCAGTCACATCTGCACTCTCAACTGAACCGGCGGCAACAAGTCTATATCTAATCCGCGCGGAGTAACGCCTGCATGTGTAAAAGACGGCAGA,113,Caranx ignobilis,0.932,Kraken2,4.9984,75.1521,2025-10-11,42.8,901,Indian Ocean
EDNA_0033,AATCTAAGCGCCCGCGCGCTGTGTTTCAGCTAGCACGCTCGGTCTCTAAATCTTCTTAGCTAGCGGTCCGCGCGCCTTAGAAGCTGCGTATGAACATAACATGAAGGACGTTACAACGCAGCTCCCCACTAGCGCGGGTATATGGCATCCTGCTAGTTCAACCGTTTTTAGGGACTAGGTAAAGGCACGACCTGTAGCGTGTTGTCTTTCACCTACTCGCCTTTGAGTAATTTGCCGGACGATTCGCCGACTAGATGCACGCAGAGGAG,269,Euthynnus affinis,0.936,Kraken2,7.7096,87.3259,2025-08-10,16.8,3622,Indian Ocean
EDNA_0034,CAGCGGCCTTCCAGTCACCTCCGCCCTGAACTTTGTATTCAACGCAGCGACTCTAAGCAGTAATCTCACCAGACAAGCTGGGGTAGGTGCAAGAAAGAGTGAAGAGGAGAACTCATAGTTAAGTATCCATGAGTCTATTTTCACATCCGGAACCCAGAGTGCGATCATTTTGTGACTCGTGCATAGTCACTGAATAGTTGCGGCGATACCTCAGCGAGAATACCGAAGTGCCGACCTATCATAGAAACATGTTGTGCGTTATTATACCGACCAGTTACTGATGAGTTTTCTCGGGGGAACTGGGCTCGTCGGGGTAAAAGTGCTACGACTTTGGCAACAGGGCAAGACGCTCAGCACGTTAGCCGGTCAACAGGTTGCTAGGCTCTTGTCGAACAGCGCGTCAAACCATTGTTCCCAATGTACACACAATTG,432,Katsuwonus pelamis,0.852,Kraken2,21.2567,88.3338,2025-07-31,3.1,3366,Bay of Bengal
EDNA_0035,GAGCCAAATCAAGCAGAGCGGAGGAGGGTGTATTGTAGGATCGAAGATCCGAAACTCCTCCGGTCCCTCGAGCTCGTTATTCCGCAAGAGATTGAGACGGAGCAAATAGGAGTCTTTTGGTTAGATACATTACGGCCGAGTTCCACTCTTTGGAATGGAGGATGCGATTAGACACACGGACCACAGAGACGACTTTATCACTCAGCGGTAAAGACATTGTAATCGACACTCTTATTTAACCTTACTGGCCCCGAGTCGCACGTACTGATGAGTGACCCCTAATATACCCCATTAGCAACGCTCCGTAAATTTACAGCAGTAGCTCACTAATTACGGTGCATGAGTGCAGTAGCGTCACCTCGCCTCCGAATTTCCAATGTGCCCATGACCTCGT,394,Decapterus russelli,0.908,BLAST,14.9638,80.3661,2025-10-24,40.7,4345,Bay of Bengal
EDNA_0036,CACACCAGTACTTCGGCTACTTTGTTGGCTTTACGAAGCTGATGAAGTTCTCGTCGATGTGGATGTCGCTGAACCAAATTTCTGTCAAGTCGTCTAAGCGTCCTGAGACCTTTGGGGTCCAGATTTACTGGCCCACGGATGATCGGCTAATCGTAAAGGATATGCTAAGATACAGGTCCGTAGTGGTAGAATCCTAAACTGTCCTGGGATCTAAAATATAACATAGATGGGGAGTGAATTAGTGTTATTGCTCGATTTTATGTGTCAAGACGAAGCCATAGTAGACAAGAGTTTATAACGGATATAAATAAGAGTTCTACTTAAGTCGCAGTTCCTAGTTGGGGGCGTTTCGTGCTCAAGACTCCGCGGAGGCTCTGATCAGA,383,Lutjanus campechanus,0.966,Kraken2,16.9591,69.9561,2025-09-12,39.8,2956,Arabian Sea
EDNA_0037,CAGTCGATCACTGACATATTCAAACCCGTTAACCTCATTCTTGTCGCTCGAAGCTACGGGACCGTGCGAAGGATCTCTAGCAGCAAAACTACCTTGTTTACCGCGTGGAGCCCCCGGACCGGGAGTTCCATCATTACCTGTGTATGTAACAAGACAGAATCTGAGTCGTATTATTATGTGGTACGTTAGCTTGCGGGGCCGGTCCCGTACAGAGTTACGATGACCTTGTCAGCGCCTCCGAATTTATTATCTACTAGTCATTGGAGTGACAAGACGTGTAGCGGGCCCCTTGTAACGACGATTGAACGTAAGCGGCTCAGAAAGATCATCACGATACCGGAC,342,Epinephelus lanceolatus,0.854,BLAST,-8.1055,82.9399,2025-11-23,29.7,731,Indian Ocean
EDNA_0038,GGCGGCTATCAGCACGTCTACTCCGGTTAGGATAGGTTTGCCTTATTTGGTGAGTCACGCCGACTGTTAGTAACCGGAGGGTTCCTGGATATAACTTGCCATTCTGTCAGTTTCAGCGAGC,121,Lutjanus campechanus,0.929,Kraken2,20.9835,87.7917,2025-06-11,35.1,3451,Bay of Bengal
EDNA_0039,CAATTCATTTATGGTCCAGGGCTAGTAGGGCACAACGCATTTGCGGTGTGAATTCTCCGAACCATAACTTGCTTCTGGATCCCCAGCGAGACTTCTTAGCCATTGCGACTAGTTTCTTCAACACTCACGGAGGAGGAGGTCCGTTATGATTCTTCTCTCGGAGTACATCTGCTCTTGAGGACACGCCCGGGTGCAGGACATCTATTCCGCAACTTCTTCCTATGGTAAATCGTACTACTAATAAGAGGCACAGACATTAATGAACATCATATCCTGTAGCTCCGCTTCATATTGGTCTAATTAAGTGTACCTAGCATAGAGCATTAACCGTGAGGGACGCCGCGAAGTGTAGATCGTGTATGAGAATGCATCTATAATCTTACGGAACTCTGTCTCGTGCTTTTTCATCCAATCGCTACTGGATCTTAAAAGCAAGTGTATCTGCCGTAGCGATACAACAG,461,Scomberomorus commerson,0.952,Kraken2,-6.2435,73.4474,2025-10-15,26.6,1974,Indian Ocean
EDNA_0040,TGCCTAACGTATGCACCTCTTTAATGAGCAGGTCATCTGCAGGTCTTGCGAGAGCATCCGTTGGGGAGCGCTTATATTTAAACGCCCAAGAGGCCATCCGCTACCTGCGCCGAA,114,Epinephelus lanceolatus,0.923,BLAST,16.1852,72.7888,2025-09-03,21.4,2979,Arabian Sea
EDNA_0041,AGGGAACCAAGTGCCCCGGCCCAATTCTGCCATAATATAAAAGTTTATAATTCAGACGGGAGACCAGGGTTCATTGTACATACTCACCAAAGACCGAACTTAACTGATGGTTCAGTGCTGGTAATAGTGAACGCCAGGCGGATCTTACAACTTTATGCCGCCTAGCTTGTCCCCGGGTTCAGTCGGTCCCTAGCAGCTTGTCCGGATCGTTCCCGCAACAGGTTGTGAGTCCAGGCCACGGGTCCTTGCCCTAATGAACCCAGAGGATTCTGAGTCTCCCCCCTTCCAAGATTCGGATGCGATCGGCGGGGCTTCCCCCAACTCC,325,Scomberomorus commerson,0.929,BLAST,-5.2133,89.5256,2025-08-16,14.2,620,Indian Ocean
EDNA_0042,AGACTGGGGAATCCGCTACCAAGCCGTCAGTTCAGAGAGACCGCTCGAGTTATCGGGGCAATGTCTGTCTAACAGTAGTTGCCGTCGATGGGTAGATCCATTCATCGAGA,110,Caranx ignobilis,0.934,Kraken2,1.5803,79.5981,2025-11-17,9.1,755,Indian Ocean
EDNA_0043,CGCTTGCGGCTGTTCACTTTGTCATGGTCGTGCGTACACCGTAAAAAAGTTTGCCTAAACTTCCAATACACGCCAGCAAGGCGACTCAAGGTCACGTTGTACTGTTAGACGTGGATGATATATATCGGACAAATGGTATCGTCCTACCGTGAAAACAACCTCATTAGTGAATCGTGATCCATG,183,Decapterus russelli,0.874,BLAST,17.6402,65.8106,2025-10-22,49.6,3025,Arabian Sea
EDNA_0044,CTACTGCTGGAGCGGTTATGTCCGCCCAAACATAACGCACATCGTCGGACGCACGTCCCTTATGTTAGACCTCGTTCCACTCTCACTCGAGGCAATACGGTACCTAGGGCACTCTATGCGAGGGTGTTCTGGCTCATCCGTAGAAGTTTCAGATGGTGGTATGCTTATAAATTAAACATGCCACTAGCGTTGCACTAGGCCCTACCTATTGTAGCCTCGGTGTTTAAGGAGGGATCTGCGGCTACCAAGTCGTGATATGCCAAGGAATCTAGATTGACTTTCAACAACCTTGATTTCGCTGTTTCCCAGCGTAAGGTACTAGTACTAGTAAGCTGGGAAGTTGTCATCCCGCATCGGGACATCACGTGCCCTCATCTGGCTAACTGCATGGGAGACCTCTGAGCGCGCACACTCCGGCGTGTCGGCAC,428,Scomberomorus commerson,0.857,BLAST,14.2561,69.3885,2025-07-29,42.8,280,Arabian Sea
EDNA_0045,GGTTGGAGAACAGTTGGTGGCCTCTGAGGAAACGATAGACGCGCATTGCCGAAACCCATCCTAGATGCAGAAGATTCTACAGTGGCCGTTAGGGCTCGGAGAAACTCAGATCCAACAATCGTCCAAATAAGTTAAGCCGCCCTAAAAAGCGAGATTACCGGCTAATTTGTGGAATCCTCGATTAGAGAAATAGGCGCACTGCTGCTGGAT,210,Katsuwonus pelamis,0.859,BLAST,16.9397,84.7611,2025-11-13,25.8,2823,Bay of Bengal
EDNA_0046,GGACATTGAGTGCAACTCGATCAACGTGCACTTGCACATGCCCAGCACCGTCCCACATCTACGCGATTGAATCCGAGAGAAAGAGCATTAGGCACTGGTTTATTCATTTTGGTAATTCTTTGTCTGTCAGGGTCCTACTTACGGCTTATCTGGTGGAGGTGCCCCAAGCTCTTCCTGAAGCGCAGTATTACCCATTCACAACTAACGTCACCCACTGCCCTCGGTCGGCCACCAAGGGCTTTTGAAGCGTCGATGTGTATGATCAAGCTGGCCGCAATGAAC,282,Scomberomorus commerson,0.861,BLAST,5.7827,82.4698,2025-08-18,46.5,3962,Bay of Bengal
EDNA_0047,GATCACGGAACAATCCATGCAGACAATACCTACCGGGGGGGACTACTTTGGCAAGAGGCGCTCGCGCTATCGCTCTTATAATTCCTAATGTTACAGCGGTCACGTATGACTTCGGAGTCGAAGCCTAATGTGTGTTCACGTTCATTGGTGTAATCCACGTTGTCACATACGCATGTACGTAGCTAGGGGAATAACGGAACTGGGCCACCGAGTGTCCGGCCCACACGTTCTACCTTCCGTCAATAAAATTACGCGTAGATTCCCCTGAATAGGGAGTTTCCACGAACATGTTGGTGAAATAACCATGTAGACCATCTACTTGACGGATTTCAC,333,Rastrelliger kanagurta,0.892,Kraken2,8.1873,86.0607,2025-11-09,25.5,1604,Indian Ocean
EDNA_0048,ATCGCTCGTGCAGAGGTAGCTATCAGTTAAACGGTAATATGGCCTGCATTTGCGTCTGAGCTAGAGCGTCATGTCCTCTCACTGGTTTCCATCCCGGGGCAGTCTCAGAGACCGTACAAGGCATAAAATGGCATGAACTGTGAATCTCATGCGTAGATCATGGCTATGAACTAGGTATACCCCCC,185,Epinephelus lanceolatus,0.864,BLAST,5.878,76.2347,2025-08-12,20.4,1211,Indian Ocean
EDNA_0049,TTATATATTTTCCATGGCCGACCAGGATTTCAGAAAACTATGCGGCGACATACACTGAGTGGGACACTCCGCACGCAGGCTCTGACATGGAGAACCGCAGCCGCGCTGTATATAAAAGGCCTTGTAGTGCACACCAGATGAGGTCGGGCTGTAAGTTGGTATGGTCATGAGACGTATTGGGCAGATCGAAGATTAATGTGCAAAAAAGATCGCGATCTAGCGTTTTTAAGTTTTGTCTCCCCCGGGCTTGCGCGCTCACTCGGCGCATACATGTGAGCAAACAAAACGAACCCAAGTCTCATGCAAACCTACGAAACAATCTATA,325,Katsuwonus pelamis,0.95,Kraken2,21.8843,72.673,2025-09-21,43.8,688,Arabian Sea
EDNA_0050,GAGACCCCCTGGCACAGTGAGCGCGTGGATGCATTCACACCCGATCGGAGATGGGGACGCTAAGCGGATCCGCCACAATACAGCGGGATACATAACTGAATCGCAAGTGCTCATGCTGAGACATACATGATTCAAAGTATCTCTTCAACACGAGGCTCCCTGCAATCCATAGCGTCTTA,179,Lutjanus campechanus,0.967,Kraken2,5.974,85.2386,2025-11-22,3.1,3759,Indian Ocean
