id,scientificName,commonName,latitude,longitude,date,abundance,basisOfRecord,recordedBy,depth,temperature,salinity,region
OCC_00001,Lutjanus campechanus,Red snapper,16.5651,66.824,2025-08-01,3,PreservedSpecimen,Field Team,57.8,29.5,35.0,Arabian Sea
OCC_00002,Thunnus albacares,Yellowfin tuna,0.9728,68.4069,2025-06-30,29,HumanObservation,Field Team,58.7,28.7,36.8,Indian Ocean
OCC_00003,Epinephelus lanceolatus,Giant grouper,14.4251,72.3663,2025-11-01,29,LivingSpecimen,Dr. Sharma,52.3,27.5,34.0,Arabian Sea
OCC_00004,Lutjanus campechanus,Red snapper,-9.9006,75.1165,2025-03-31,21,PreservedSpecimen,Dr. Patel,52.0,29.2,34.3,Indian Ocean
OCC_00005,Thunnus albacares,Yellowfin tuna,4.0469,79.6874,2024-12-11,12,PreservedSpecimen,Dr. Sharma,22.3,25.2,33.9,Indian Ocean
OCC_00006,Lutjanus campechanus,Red snapper,18.6014,74.5352,2025-04-29,2,PreservedSpecimen,Dr. Sharma,96.2,25.6,34.2,Arabian Sea
OCC_00007,Scomberomorus commerson,Narrow-barred Spanish mackerel,18.9419,71.9948,2025-01-04,3,HumanObservation,Dr. Patel,45.3,29.1,33.4,Arabian Sea
OCC_00008,Euthynnus affinis,Kawakawa,-3.6122,83.6506,2025-11-01,2,LivingSpecimen,Dr. Sharma,70.3,26.0,35.0,Indian Ocean
OCC_00009,Katsuwonus pelamis,Skipjack tuna,23.6667,73.9078,2025-02-20,50,HumanObservation,Dr. Kumar,55.1,28.9,36.3,Arabian Sea
OCC_00010,Scomberomorus commerson,Narrow-barred Spanish mackerel,21.2826,84.406,2025-03-28,43,LivingSpecimen,Dr. Kumar,72.0,24.8,36.6,Bay of Bengal
OCC_00011,Caranx ignobilis,Giant trevally,16.3606,65.9403,2025-02-19,18,LivingSpecimen,Dr. Kumar,24.1,29.3,34.4,Arabian Sea
OCC_00012,Scomberomorus commerson,Narrow-barred Spanish mackerel,9.9851,82.1593,2025-06-21,17,HumanObservation,Dr. Kumar,55.1,26.1,34.8,Bay of Bengal
OCC_00013,Scomberomorus commerson,Narrow-barred Spanish mackerel,23.0459,67.3146,2025-09-04,44,LivingSpecimen,Dr. Kumar,45.7,25.1,33.3,Arabian Sea
OCC_00014,Rastrelliger kanagurta,Indian mackerel,-1.2601,69.6106,2025-11-11,47,HumanObservation,Dr. Patel,72.9,27.3,36.7,Indian Ocean
OCC_00015,Katsuwonus pelamis,Skipjack tuna,5.5003,85.7752,2025-11-22,20,HumanObservation,Field Team,17.4,27.0,35.6,Bay of Bengal
OCC_00016,Lutjanus campechanus,Red snapper,10.9305,73.135,2024-12-15,33,HumanObservation,Field Team,61.0,25.7,33.6,Arabian Sea
OCC_00017,Sardinella longiceps,Indian oil sardine,20.9687,69.602,2025-10-18,49,PreservedSpecimen,Dr. Kumar,77.8,29.3,36.9,Arabian Sea
OCC_00018,Lutjanus campechanus,Red snapper,12.9946,74.0967,2025-11-29,24,LivingSpecimen,Dr. Kumar,73.0,26.5,37.0,Arabian Sea
OCC_00019,Scomberomorus commerson,Narrow-barred Spanish mackerel,11.7691,94.9592,2025-10-15,31,HumanObservation,Field Team,65.2,29.4,36.2,Bay of Bengal
OCC_00020,Decapterus russelli,Indian scad,18.8425,82.8751,2025-09-13,16,LivingSpecimen,Field Team,60.1,26.3,33.9,Bay of Bengal
OCC_00021,Sardinella longiceps,Indian oil sardine,13.8272,90.9232,2025-01-16,41,HumanObservation,Dr. Kumar,98.3,29.7,36.8,Bay of Bengal
OCC_00022,Caranx ignobilis,Giant trevally,17.4423,82.7278,2025-11-15,15,LivingSpecimen,Dr. Sharma,17.3,25.9,36.9,Bay of Bengal
OCC_00023,Scomberomorus commerson,Narrow-barred Spanish mackerel,-8.3796,85.0039,2025-07-09,11,HumanObservation,Dr. Sharma,61.3,24.1,33.3,Indian Ocean
OCC_00024,Decapterus russelli,Indian scad,21.5129,90.9622,2025-07-13,3,HumanObservation,Dr. Kumar,11.3,24.1,33.9,Bay of Bengal
OCC_00025,Katsuwonus pelamis,Skipjack tuna,12.6675,71.8252,2025-09-19,25,HumanObservation,Dr. Sharma,87.9,25.9,33.4,Arabian Sea
OCC_00026,Sardinella longiceps,Indian oil sardine,0.4424,70.2801,2025-03-02,10,HumanObservation,Dr. Kumar,61.9,29.2,33.9,Indian Ocean
OCC_00027,Scomberomorus commerson,Narrow-barred Spanish mackerel,21.7794,86.5808,2025-09-04,13,PreservedSpecimen,Dr. Patel,40.2,28.2,36.7,Bay of Bengal
OCC_00028,Sardinella longiceps,Indian oil sardine,20.1185,94.0862,2025-01-26,15,HumanObservation,Dr. Patel,4.3,27.1,34.0,Bay of Bengal
OCC_00029,Euthynnus affinis,Kawakawa,-4.8426,89.0735,2025-09-20,16,PreservedSpecimen,Dr. Sharma,3.3,27.3,33.1,Indian Ocean
OCC_00030,Sardinella longiceps,Indian oil sardine,10.3704,91.7802,2025-10-17,35,LivingSpecimen,Dr. Kumar,53.5,26.6,34.4,Bay of Bengal
OCC_00031,Epinephelus lanceolatus,Giant grouper,13.8164,72.9757,2025-10-10,10,HumanObservation,Dr. Kumar,57.2,24.4,34.6,Arabian Sea
OCC_00032,Epinephelus lanceolatus,Giant grouper,-2.5717,75.9541,2025-03-11,43,HumanObservation,Dr. Sharma,37.2,29.6,34.0,Indian Ocean
OCC_00033,Epinephelus lanceolatus,Giant grouper,19.5233,80.2463,2025-06-13,36,LivingSpecimen,Dr. Patel,83.6,24.7,33.4,Bay of Bengal
OCC_00034,Decapterus russelli,Indian scad,12.1131,67.33,2025-03-18,50,PreservedSpecimen,Dr. Sharma,97.2,30.0,33.9,Arabian Sea
OCC_00035,Euthynnus affinis,Kawakawa,20.2593,90.9203,2025-07-11,28,PreservedSpecimen,Field Team,45.5,28.7,36.1,Bay of Bengal
OCC_00036,Euthynnus affinis,Kawakawa,9.417,70.343,2025-07-15,14,PreservedSpecimen,Dr. Kumar,93.3,24.3,35.4,Indian Ocean
OCC_00037,Caranx ignobilis,Giant trevally,5.2465,81.8321,2025-03-13,46,HumanObservation,Field Team,39.7,25.9,35.0,Indian Ocean
OCC_00038,Rastrelliger kanagurta,Indian mackerel,11.3189,66.7868,2025-06-20,29,HumanObservation,Dr. Sharma,33.5,25.9,36.7,Arabian Sea
OCC_00039,Rastrelliger kanagurta,Indian mackerel,-7.7815,84.1176,2025-06-17,15,LivingSpecimen,Dr. Kumar,10.2,27.9,34.2,Indian Ocean
OCC_00040,Decapterus russelli,Indian scad,10.5741,61.3017,2025-06-20,23,PreservedSpecimen,Dr. Patel,35.4,24.4,36.9,Arabian Sea
OCC_00041,Decapterus russelli,Indian scad,13.3059,90.6379,2025-09-05,11,PreservedSpecimen,Dr. Sharma,5.5,27.7,34.5,Bay of Bengal
OCC_00042,Scomberomorus commerson,Narrow-barred Spanish mackerel,12.3395,70.3555,2025-03-28,30,LivingSpecimen,Dr. Sharma,75.2,27.2,36.2,Arabian Sea
OCC_00043,Lutjanus campechanus,Red snapper,17.4699,72.3418,2025-06-08,1,HumanObservation,Dr. Patel,35.3,26.6,36.8,Arabian Sea
OCC_00044,Scomberomorus commerson,Narrow-barred Spanish mackerel,9.9029,65.8643,2025-06-15,35,PreservedSpecimen,Dr. Sharma,44.9,27.1,34.0,Indian Ocean
OCC_00045,Thunnus albacares,Yellowfin tuna,-5.0824,80.1306,2025-07-01,2,LivingSpecimen,Field Team,42.9,26.8,33.1,Indian Ocean
OCC_00046,Epinephelus lanceolatus,Giant grouper,12.3085,82.8363,2025-03-07,28,LivingSpecimen,Dr. Sharma,76.8,27.5,36.9,Bay of Bengal
OCC_00047,Epinephelus lanceolatus,Giant grouper,20.8669,92.3836,2025-05-09,32,LivingSpecimen,Dr. Kumar,79.1,26.1,36.1,Bay of Bengal
OCC_00048,Caranx ignobilis,Giant trevally,8.452,70.6705,2025-08-22,25,HumanObservation,Dr. Kumar,41.2,29.5,35.8,Indian Ocean
OCC_00049,Scomberomorus commerson,Narrow-barred Spanish mackerel,15.6156,63.5694,2025-01-30,18,PreservedSpecimen,Dr. Patel,64.6,24.9,34.2,Arabian Sea
OCC_00050,Sardinella longiceps,Indian oil sardine,7.1306,88.9126,2025-09-21,3,LivingSpecimen,Dr. Kumar,10.6,27.9,34.0,Bay of Bengal
OCC_00051,Thunnus albacares,Yellowfin tuna,5.1701,91.0321,2025-08-25,45,LivingSpecimen,Dr. Kumar,15.9,27.4,36.0,Bay of Bengal
OCC_00052,Decapterus russelli,Indian scad,7.2494,75.6388,2025-11-26,31,HumanObservation,Field Team,94.6,24.8,34.9,Indian Ocean
OCC_00053,Euthynnus affinis,Kawakawa,6.3109,85.4868,2025-10-05,6,HumanObservation,Dr. Sharma,78.9,26.7,36.9,Bay of Bengal
OCC_00054,Thunnus albacares,Yellowfin tuna,-7.4069,68.4105,2024-12-10,18,LivingSpecimen,Dr. Kumar,24.9,29.3,36.1,Indian Ocean
OCC_00055,Thunnus albacares,Yellowfin tuna,19.7307,63.5612,2025-06-24,4,LivingSpecimen,Dr. Sharma,95.9,25.6,34.1,Arabian Sea
OCC_00056,Scomberomorus commerson,Narrow-barred Spanish mackerel,-0.4316,88.0636,2025-09-08,21,PreservedSpecimen,Field Team,29.9,27.9,36.0,Indian Ocean
OCC_00057,Rastrelliger kanagurta,Indian mackerel,5.2864,80.7864,2025-09-05,18,LivingSpecimen,Dr. Kumar,43.0,25.6,35.2,Indian Ocean
OCC_00058,Epinephelus lanceolatus,Giant grouper,19.051,60.2303,2025-10-24,4,LivingSpecimen,Field Team,21.0,27.5,36.8,Arabian Sea
OCC_00059,Caranx ignobilis,Giant trevally,-3.4335,85.1481,2025-09-16,38,HumanObservation,Dr. Sharma,5.6,28.0,34.3,Indian Ocean
OCC_00060,Rastrelliger kanagurta,Indian mackerel,-8.9976,67.0409,2025-07-15,8,PreservedSpecimen,Dr. Sharma,15.5,27.6,33.3,Indian Ocean
OCC_00061,Scomberomorus commerson,Narrow-barred Spanish mackerel,4.9273,70.6847,2025-02-26,7,PreservedSpecimen,Dr. Sharma,45.2,28.7,35.0,Indian Ocean
OCC_00062,Thunnus albacares,Yellowfin tuna,-1.5993,78.7904,2025-09-20,30,PreservedSpecimen,Dr. Kumar,75.7,28.2,33.0,Indian Ocean
OCC_00063,Katsuwonus pelamis,Skipjack tuna,23.1294,66.047,2025-07-04,48,LivingSpecimen,Dr. Patel,67.3,29.7,34.8,Arabian Sea
OCC_00064,Lutjanus campechanus,Red snapper,-2.4681,74.0021,2025-08-08,38,HumanObservation,Dr. Sharma,38.3,25.5,34.1,Indian Ocean
OCC_00065,Scomberomorus commerson,Narrow-barred Spanish mackerel,17.3744,65.5953,2025-04-30,42,HumanObservation,Field Team,20.6,26.8,36.5,Arabian Sea
OCC_00066,Sardinella longiceps,Indian oil sardine,17.3427,83.1336,2025-08-23,28,LivingSpecimen,Dr. Sharma,14.8,24.2,36.0,Bay of Bengal
OCC_00067,Thunnus albacares,Yellowfin tuna,9.3535,85.6127,2025-08-06,9,PreservedSpecimen,Dr. Sharma,62.8,24.8,35.3,Bay of Bengal
OCC_00068,Lutjanus campechanus,Red snapper,9.1415,93.8205,2025-03-09,19,HumanObservation,Dr. Sharma,36.4,29.2,34.1,Bay of Bengal
OCC_00069,Decapterus russelli,Indian scad,9.8388,81.9217,2025-02-28,24,HumanObservation,Dr. Sharma,13.1,27.3,36.4,Indian Ocean
OCC_00070,Rastrelliger kanagurta,Indian mackerel,9.1671,66.466,2025-09-16,23,HumanObservation,Dr. Kumar,84.5,27.8,36.3,Indian Ocean
OCC_00071,Katsuwonus pelamis,Skipjack tuna,-6.6268,87.3531,2025-06-06,9,PreservedSpecimen,Dr. Kumar,50.4,28.9,36.8,Indian Ocean
OCC_00072,Scomberomorus commerson,Narrow-barred Spanish mackerel,6.8338,77.425,2025-11-25,15,PreservedSpecimen,Field Team,83.9,28.5,36.0,Indian Ocean
OCC_00073,Rastrelliger kanagurta,Indian mackerel,21.5378,63.4404,2025-10-14,24,LivingSpecimen,Dr. Sharma,16.7,26.6,33.7,Arabian Sea
OCC_00074,Sardinella longiceps,Indian oil sardine,14.9628,89.1581,2025-02-25,19,LivingSpecimen,Dr. Patel,59.8,24.1,33.1,Bay of Bengal
OCC_00075,Decapterus russelli,Indian scad,17.161,83.4097,2025-11-13,19,HumanObservation,Dr. Patel,11.8,27.5,33.9,Bay of Bengal
OCC_00076,Euthynnus affinis,Kawakawa,17.3324,74.4738,2025-03-06,46,LivingSpecimen,Dr. Sharma,56.6,29.3,33.7,Arabian Sea
OCC_00077,Epinephelus lanceolatus,Giant grouper,8.6933,78.0304,2025-06-22,8,HumanObservation,Dr. Sharma,77.9,29.5,35.3,Indian Ocean
OCC_00078,Katsuwonus pelamis,Skipjack tuna,2.56,66.2176,2025-06-16,14,PreservedSpecimen,Dr. Kumar,25.7,26.6,36.0,Indian Ocean
OCC_00079,Thunnus albacares,Yellowfin tuna,18.3013,68.3948,2025-10-28,50,PreservedSpecimen,Dr. Sharma,57.1,28.4,35.8,Arabian Sea
OCC_00080,Rastrelliger kanagurta,Indian mackerel,13.0714,68.8053,2025-11-10,50,PreservedSpecimen,Dr. Patel,5.8,28.3,36.7,Arabian Sea
OCC_00081,Caranx ignobilis,Giant trevally,-7.8395,71.2213,2025-06-24,44,HumanObservation,Field Team,98.8,26.6,34.2,Indian Ocean
OCC_00082,Scomberomorus commerson,Narrow-barred Spanish mackerel,0.311,84.3856,2024-12-23,4,PreservedSpecimen,Dr. Patel,25.6,28.4,33.2,Indian Ocean
OCC_00083,Scomberomorus commerson,Narrow-barred Spanish mackerel,-1.2359,81.4214,2025-10-03,27,PreservedSpecimen,Field Team,29.2,28.9,34.8,Indian Ocean
OCC_00084,Sardinella longiceps,Indian oil sardine,18.2955,88.0056,2025-06-23,35,PreservedSpecimen,Dr. Patel,22.2,27.7,34.3,Bay of Bengal
OCC_00085,Epinephelus lanceolatus,Giant grouper,-6.013,68.3456,2025-05-08,15,LivingSpecimen,Dr. Kumar,52.1,25.4,34.1,Indian Ocean
OCC_00086,Rastrelliger kanagurta,Indian mackerel,15.7258,68.8949,2025-01-09,35,HumanObservation,Dr. Sharma,98.4,26.5,35.4,Arabian Sea
OCC_00087,Caranx ignobilis,Giant trevally,-6.5342,82.6449,2025-06-12,33,PreservedSpecimen,Field Team,52.6,24.9,36.1,Indian Ocean
OCC_00088,Thunnus albacares,Yellowfin tuna,4.1738,65.3469,2025-10-04,33,PreservedSpecimen,Dr. Patel,55.1,28.2,35.0,Indian Ocean
OCC_00089,Caranx ignobilis,Giant trevally,4.9046,82.9879,2025-06-11,6,PreservedSpecimen,Field Team,54.3,25.2,34.1,Indian Ocean
OCC_00090,Katsuwonus pelamis,Skipjack tuna,9.9606,92.0444,2025-03-09,50,PreservedSpecimen,Dr. Patel,99.5,24.1,36.6,Bay of Bengal
OCC_00091,Scomberomorus commerson,Narrow-barred Spanish mackerel,-4.8848,88.3273,2025-01-11,49,LivingSpecimen,Dr. Patel,47.0,26.1,33.9,Indian Ocean
OCC_00092,Thunnus albacares,Yellowfin tuna,5.4216,74.8773,2025-02-16,10,HumanObservation,Dr. Sharma,58.0,29.8,35.6,Indian Ocean
OCC_00093,Scomberomorus commerson,Narrow-barred Spanish mackerel,10.4866,70.256,2025-07-30,30,LivingSpecimen,Dr. Kumar,57.3,27.2,36.3,Arabian Sea
OCC_00094,Katsuwonus pelamis,Skipjack tuna,19.1701,81.0409,2025-10-14,49,LivingSpecimen,Dr. Kumar,82.3,27.5,33.2,Bay of Bengal
OCC_00095,Lutjanus campechanus,Red snapper,13.8207,94.0271,2024-12-24,8,HumanObservation,Field Team,0.6,24.3,35.5,Bay of Bengal
OCC_00096,Katsuwonus pelamis,Skipjack tuna,13.4235,73.8543,2025-09-17,50,HumanObservation,Dr. Patel,74.4,27.6,36.5,Arabian Sea
OCC_00097,Lutjanus campechanus,Red snapper,6.4427,81.965,2025-06-18,49,PreservedSpecimen,Dr. Sharma,0.9,26.3,33.5,Bay of Bengal
OCC_00098,Decapterus russelli,Indian scad,18.1857,87.3268,2025-03-11,41,HumanObservation,Dr. Kumar,10.5,28.1,33.6,Bay of Bengal
OCC_00099,Euthynnus affinis,Kawakawa,2.4005,78.4087,2024-12-24,13,HumanObservation,Dr. Sharma,72.0,27.5,34.6,Indian Ocean
OCC_00100,Caranx ignobilis,Giant trevally,-0.8727,70.4504,2025-02-18,29,PreservedSpecimen,Dr. Patel,30.1,26.5,34.1,Indian Ocean
OCC_00101,Euthynnus affinis,Kawakawa,8.1064,65.0532,2025-01-09,44,PreservedSpecimen,Field Team,57.0,25.7,37.0,Indian Ocean
OCC_00102,Katsuwonus pelamis,Skipjack tuna,13.0065,83.6221,2025-02-01,3,LivingSpecimen,Dr. Kumar,41.8,25.2,36.4,Bay of Bengal
OCC_00103,Thunnus albacares,Yellowfin tuna,16.3043,61.1593,2025-09-11,43,LivingSpecimen,Dr. Sharma,62.0,28.6,36.0,Arabian Sea
OCC_00104,Rastrelliger kanagurta,Indian mackerel,15.3776,67.2054,2025-05-04,34,PreservedSpecimen,Dr. Patel,62.5,29.1,36.4,Arabian Sea
OCC_00105,Katsuwonus pelamis,Skipjack tuna,-9.3143,66.0605,2025-10-18,6,HumanObservation,Dr. Sharma,49.2,26.0,33.4,Indian Ocean
OCC_00106,Rastrelliger kanagurta,Indian mackerel,12.9895,64.2797,2025-07-15,35,LivingSpecimen,Field Team,91.4,26.5,35.1,Arabian Sea
OCC_00107,Sardinella longiceps,Indian oil sardine,-5.7668,87.2557,2025-12-02,31,PreservedSpecimen,Dr. Sharma,56.3,27.0,35.6,Indian Ocean
OCC_00108,Epinephelus lanceolatus,Giant grouper,19.9245,65.3484,2025-07-01,29,HumanObservation,Dr. Kumar,1.4,29.3,34.3,Arabian Sea
OCC_00109,Thunnus albacares,Yellowfin tuna,17.9229,91.1129,2024-12-22,43,LivingSpecimen,Dr. Sharma,6.6,24.8,33.4,Bay of Bengal
OCC_00110,Epinephelus lanceolatus,Giant grouper,20.4062,64.6817,2025-07-11,36,HumanObservation,Dr. Patel,25.4,24.1,33.9,Arabian Sea
OCC_00111,Katsuwonus pelamis,Skipjack tuna,23.6563,60.7586,2025-03-29,25,HumanObservation,Field Team,55.6,28.2,33.0,Arabian Sea
OCC_00112,Katsuwonus pelamis,Skipjack tuna,8.4032,80.0953,2025-08-23,23,PreservedSpecimen,Dr. Kumar,11.2,25.0,33.9,Indian Ocean
OCC_00113,Sardinella longiceps,Indian oil sardine,-2.2022,68.4715,2025-09-01,38,PreservedSpecimen,Dr. Patel,53.9,24.6,33.5,Indian Ocean
OCC_00114,Euthynnus affinis,Kawakawa,6.8832,65.6749,2025-10-21,6,LivingSpecimen,Dr. Patel,75.2,29.7,36.5,Indian Ocean
OCC_00115,Scomberomorus commerson,Narrow-barred Spanish mackerel,9.2037,86.2929,2025-08-09,20,LivingSpecimen,Dr. Sharma,35.3,28.9,36.5,Bay of Bengal
OCC_00116,Lutjanus campechanus,Red snapper,18.9457,66.5336,2025-05-21,2,LivingSpecimen,Field Team,66.0,26.4,33.3,Arabian Sea
OCC_00117,Scomberomorus commerson,Narrow-barred Spanish mackerel,21.7852,90.9618,2025-07-31,48,LivingSpecimen,Dr. Patel,43.4,25.0,35.8,Bay of Bengal
OCC_00118,Katsuwonus pelamis,Skipjack tuna,17.5919,70.6107,2025-08-14,33,LivingSpecimen,Dr. Kumar,72.4,27.7,33.6,Arabian Sea
OCC_00119,Sardinella longiceps,Indian oil sardine,-2.9805,83.0113,2025-10-01,10,PreservedSpecimen,Dr. Kumar,3.3,24.6,33.4,Indian Ocean
OCC_00120,Scomberomorus commerson,Narrow-barred Spanish mackerel,15.0568,88.9921,2025-07-10,48,HumanObservation,Dr. Patel,82.3,24.4,34.3,Bay of Bengal
OCC_00121,Sardinella longiceps,Indian oil sardine,16.6537,82.2202,2025-11-13,41,PreservedSpecimen,Dr. Patel,28.1,25.6,35.1,Bay of Bengal
OCC_00122,Caranx ignobilis,Giant trevally,12.2396,81.6531,2025-11-10,44,PreservedSpecimen,Dr. Kumar,56.5,29.3,35.0,Bay of Bengal
OCC_00123,Thunnus albacares,Yellowfin tuna,-6.9255,74.2873,2024-12-08,22,PreservedSpecimen,Dr. Sharma,93.4,24.4,33.9,Indian Ocean
OCC_00124,Euthynnus affinis,Kawakawa,21.523,64.3204,2025-07-02,24,PreservedSpecimen,Dr. Patel,11.5,29.7,35.2,Arabian Sea
OCC_00125,Caranx ignobilis,Giant trevally,15.8701,71.7103,2025-10-09,31,LivingSpecimen,Dr. Kumar,10.9,28.4,35.3,Arabian Sea
OCC_00126,Katsuwonus pelamis,Skipjack tuna,19.6422,68.4009,2025-10-16,21,LivingSpecimen,Dr. Patel,27.1,24.4,35.9,Arabian Sea
OCC_00127,Epinephelus lanceolatus,Giant grouper,5.6474,83.0018,2025-04-02,34,LivingSpecimen,Dr. Kumar,93.9,27.5,34.1,Bay of Bengal
OCC_00128,Scomberomorus commerson,Narrow-barred Spanish mackerel,12.9401,68.0286,2025-05-19,30,LivingSpecimen,Dr. Patel,67.9,29.4,33.3,Arabian Sea
OCC_00129,Euthynnus affinis,Kawakawa,-3.0819,70.6959,2025-10-30,16,LivingSpecimen,Dr. Sharma,58.3,25.8,35.8,Indian Ocean
OCC_00130,Thunnus albacares,Yellowfin tuna,6.1531,85.2165,2025-02-26,16,PreservedSpecimen,Dr. Patel,88.3,29.1,34.2,Bay of Bengal
OCC_00131,Lutjanus campechanus,Red snapper,20.381,66.3646,2025-03-30,30,LivingSpecimen,Field Team,39.5,27.3,36.8,Arabian Sea
OCC_00132,Euthynnus affinis,Kawakawa,12.0894,74.1674,2024-12-31,31,LivingSpecimen,Dr. Kumar,11.7,29.6,35.5,Arabian Sea
OCC_00133,Lutjanus campechanus,Red snapper,9.6946,69.9431,2025-02-19,43,HumanObservation,Dr. Patel,26.0,28.1,35.9,Indian Ocean
OCC_00134,Euthynnus affinis,Kawakawa,9.7727,88.0271,2025-06-10,23,LivingSpecimen,Dr. Sharma,8.0,28.6,33.8,Bay of Bengal
OCC_00135,Rastrelliger kanagurta,Indian mackerel,21.464,87.243,2025-05-10,14,PreservedSpecimen,Dr. Patel,67.2,29.0,33.5,Bay of Bengal
OCC_00136,Lutjanus campechanus,Red snapper,4.6403,73.9748,2025-06-18,46,PreservedSpecimen,Field Team,60.1,28.6,33.2,Indian Ocean
OCC_00137,Scomberomorus commerson,Narrow-barred Spanish mackerel,16.5013,90.2821,2025-05-28,48,LivingSpecimen,Dr. Patel,93.0,24.4,33.1,Bay of Bengal
OCC_00138,Rastrelliger kanagurta,Indian mackerel,8.8287,80.5593,2025-07-18,33,HumanObservation,Dr. Patel,67.2,26.4,35.3,Bay of Bengal
OCC_00139,Sardinella longiceps,Indian oil sardine,13.0879,80.1725,2025-05-19,36,PreservedSpecimen,Dr. Patel,74.4,27.7,33.5,Bay of Bengal
OCC_00140,Epinephelus lanceolatus,Giant grouper,-8.393,81.9337,2025-08-21,22,LivingSpecimen,Dr. Patel,52.3,26.8,33.1,Indian Ocean
OCC_00141,Rastrelliger kanagurta,Indian mackerel,13.7225,65.005,2025-04-09,13,PreservedSpecimen,Dr. Sharma,20.5,25.8,35.9,Arabian Sea
OCC_00142,Katsuwonus pelamis,Skipjack tuna,15.4525,63.1053,2025-08-21,3,PreservedSpecimen,Dr. Sharma,90.3,25.7,34.5,Arabian Sea
OCC_00143,Katsuwonus pelamis,Skipjack tuna,13.5364,63.6045,2025-05-27,24,PreservedSpecimen,Field Team,33.9,27.3,33.0,Arabian Sea
OCC_00144,Lutjanus campechanus,Red snapper,7.2155,92.3596,2025-06-03,7,LivingSpecimen,Dr. Patel,8.7,26.1,36.5,Bay of Bengal
OCC_00145,Scomberomorus commerson,Narrow-barred Spanish mackerel,13.7816,69.877,2025-02-27,41,HumanObservation,Dr. Patel,4.1,26.7,33.2,Arabian Sea
OCC_00146,Caranx ignobilis,Giant trevally,-7.2033,88.68,2025-04-11,33,HumanObservation,Dr. Patel,6.1,29.6,34.3,Indian Ocean
OCC_00147,Sardinella longiceps,Indian oil sardine,12.6407,94.7199,2025-08-06,43,HumanObservation,Dr. Kumar,98.1,26.5,33.4,Bay of Bengal
OCC_00148,Rastrelliger kanagurta,Indian mackerel,9.0757,72.2893,2025-01-07,37,PreservedSpecimen,Dr. Sharma,24.4,28.6,36.8,Indian Ocean
OCC_00149,Thunnus albacares,Yellowfin tuna,16.1655,92.9574,2025-11-04,48,PreservedSpecimen,Dr. Kumar,60.7,26.2,34.4,Bay of Bengal
OCC_00150,Epinephelus lanceolatus,Giant grouper,3.3468,88.7134,2025-04-13,40,LivingSpecimen,Field Team,58.2,25.9,34.3,Indian Ocean
OCC_00151,Thunnus albacares,Yellowfin tuna,13.385,83.0695,2025-02-26,12,LivingSpecimen,Dr. Sharma,93.8,24.7,34.4,Bay of Bengal
OCC_00152,Decapterus russelli,Indian scad,17.1698,61.6346,2025-08-09,43,LivingSpecimen,Dr. Kumar,79.0,29.7,35.4,Arabian Sea
OCC_00153,Scomberomorus commerson,Narrow-barred Spanish mackerel,5.9125,82.7529,2025-08-19,25,PreservedSpecimen,Dr. Patel,46.6,28.6,34.8,Bay of Bengal
OCC_00154,Katsuwonus pelamis,Skipjack tuna,14.6045,87.8144,2025-05-06,42,LivingSpecimen,Dr. Sharma,25.4,29.7,33.2,Bay of Bengal
OCC_00155,Thunnus albacares,Yellowfin tuna,9.031,77.7028,2025-11-18,9,LivingSpecimen,Field Team,48.7,26.4,35.4,Indian Ocean
OCC_00156,Sardinella longiceps,Indian oil sardine,5.8187,92.722,2025-10-23,40,HumanObservation,Dr. Kumar,5.4,29.9,36.4,Bay of Bengal
OCC_00157,Decapterus russelli,Indian scad,5.2795,65.665,2025-04-17,21,LivingSpecimen,Dr. Kumar,92.4,27.8,36.1,Indian Ocean
OCC_00158,Sardinella longiceps,Indian oil sardine,19.118,68.9366,2025-09-14,47,HumanObservation,Dr. Patel,11.4,26.1,36.2,Arabian Sea
OCC_00159,Scomberomorus commerson,Narrow-barred Spanish mackerel,6.6249,82.222,2025-02-16,17,HumanObservation,Dr. Sharma,92.9,24.4,34.0,Bay of Bengal
OCC_00160,Scomberomorus commerson,Narrow-barred Spanish mackerel,21.6171,69.1604,2025-11-28,26,PreservedSpecimen,Dr. Sharma,29.2,27.5,33.7,Arabian Sea
OCC_00161,Euthynnus affinis,Kawakawa,14.8255,93.6207,2025-08-19,31,PreservedSpecimen,Dr. Sharma,23.7,25.8,33.6,Bay of Bengal
OCC_00162,Euthynnus affinis,Kawakawa,-8.5616,65.328,2025-04-25,18,HumanObservation,Dr. Sharma,6.2,29.0,34.9,Indian Ocean
OCC_00163,Sardinella longiceps,Indian oil sardine,2.1606,83.9142,2025-08-15,28,HumanObservation,Dr. Patel,80.6,24.2,35.6,Indian Ocean
OCC_00164,Caranx ignobilis,Giant trevally,22.3081,66.1589,2024-12-09,39,HumanObservation,Dr. Kumar,23.4,24.1,33.1,Arabian Sea
OCC_00165,Decapterus russelli,Indian scad,15.5198,64.898,2025-01-22,46,PreservedSpecimen,Dr. Patel,27.9,29.8,36.1,Arabian Sea
OCC_00166,Epinephelus lanceolatus,Giant grouper,18.335,82.5752,2025-09-27,47,PreservedSpecimen,Dr. Patel,5.4,26.0,36.3,Bay of Bengal
OCC_00167,Rastrelliger kanagurta,Indian mackerel,-2.3883,66.5853,2025-04-17,15,LivingSpecimen,Dr. Patel,90.5,25.9,36.6,Indian Ocean
OCC_00168,Katsuwonus pelamis,Skipjack tuna,8.4563,70.3032,2025-01-14,27,PreservedSpecimen,Dr. Patel,72.2,27.1,35.6,Indian Ocean
OCC_00169,Rastrelliger kanagurta,Indian mackerel,0.0621,89.4015,2024-12-30,1,PreservedSpecimen,Field Team,46.7,24.3,36.7,Indian Ocean
OCC_00170,Caranx ignobilis,Giant trevally,4.7467,88.5831,2025-09-15,31,PreservedSpecimen,Dr. Kumar,5.9,27.6,34.3,Indian Ocean
OCC_00171,Scomberomorus commerson,Narrow-barred Spanish mackerel,1.9572,66.8369,2025-05-01,37,LivingSpecimen,Dr. Patel,35.4,27.6,36.6,Indian Ocean
OCC_00172,Sardinella longiceps,Indian oil sardine,12.5792,68.5823,2025-06-05,46,HumanObservation,Field Team,19.2,27.2,35.6,Arabian Sea
OCC_00173,Thunnus albacares,Yellowfin tuna,10.7647,68.8414,2025-05-10,24,PreservedSpecimen,Dr. Kumar,30.9,27.2,33.7,Arabian Sea
OCC_00174,Lutjanus campechanus,Red snapper,2.9596,66.5473,2025-04-08,49,PreservedSpecimen,Dr. Kumar,86.5,28.7,33.5,Indian Ocean
OCC_00175,Lutjanus campechanus,Red snapper,-5.5019,79.7566,2025-05-04,42,HumanObservation,Field Team,25.3,24.9,34.1,Indian Ocean
OCC_00176,Caranx ignobilis,Giant trevally,11.6067,74.0412,2025-11-14,26,PreservedSpecimen,Field Team,42.4,24.5,34.3,Arabian Sea
OCC_00177,Decapterus russelli,Indian scad,20.2232,72.3114,2025-01-31,40,HumanObservation,Dr. Patel,97.6,27.6,35.0,Arabian Sea
OCC_00178,Euthynnus affinis,Kawakawa,7.9079,67.0503,2025-07-08,16,PreservedSpecimen,Field Team,13.9,27.3,33.6,Indian Ocean
OCC_00179,Sardinella longiceps,Indian oil sardine,15.9014,68.2373,2025-02-23,43,LivingSpecimen,Dr. Patel,36.1,25.5,34.2,Arabian Sea
OCC_00180,Scomberomorus commerson,Narrow-barred Spanish mackerel,22.772,67.77,2025-11-17,28,LivingSpecimen,Dr. Patel,83.4,26.2,36.3,Arabian Sea
OCC_00181,Euthynnus affinis,Kawakawa,11.5921,80.1285,2024-12-27,1,PreservedSpecimen,Dr. Sharma,13.4,27.0,36.4,Bay of Bengal
OCC_00182,Lutjanus campechanus,Red snapper,15.6173,93.5439,2025-03-04,42,PreservedSpecimen,Dr. Sharma,14.5,29.5,33.8,Bay of Bengal
OCC_00183,Euthynnus affinis,Kawakawa,5.837,87.4156,2025-07-30,24,LivingSpecimen,Dr. Kumar,61.1,24.8,33.8,Bay of Bengal
OCC_00184,Sardinella longiceps,Indian oil sardine,3.4112,75.5723,2024-12-17,20,HumanObservation,Dr. Sharma,48.9,27.3,33.6,Indian Ocean
OCC_00185,Sardinella longiceps,Indian oil sardine,16.3084,67.9278,2025-10-07,37,PreservedSpecimen,Dr. Kumar,7.2,25.9,35.8,Arabian Sea
OCC_00186,Lutjanus campechanus,Red snapper,-8.6128,89.1701,2025-04-21,9,HumanObservation,Dr. Sharma,41.8,29.0,35.2,Indian Ocean
OCC_00187,Sardinella longiceps,Indian oil sardine,-5.7746,84.1117,2025-10-03,15,PreservedSpecimen,Dr. Sharma,85.2,29.0,34.3,Indian Ocean
OCC_00188,Thunnus albacares,Yellowfin tuna,23.8365,69.0227,2025-01-14,12,HumanObservation,Dr. Kumar,18.8,28.2,34.0,Arabian Sea
OCC_00189,Caranx ignobilis,Giant trevally,12.8105,70.8393,2025-10-29,36,PreservedSpecimen,Dr. Kumar,9.2,24.7,33.4,Arabian Sea
OCC_00190,Decapterus russelli,Indian scad,12.4826,93.9811,2025-07-09,45,HumanObservation,Dr. Sharma,59.4,28.3,34.9,Bay of Bengal
OCC_00191,Decapterus russelli,Indian scad,11.9753,89.2647,2025-09-17,29,HumanObservation,Field Team,34.3,28.6,35.8,Bay of Bengal
OCC_00192,Caranx ignobilis,Giant trevally,12.2927,74.8829,2024-12-19,8,PreservedSpecimen,Dr. Patel,35.0,27.5,34.2,Arabian Sea
OCC_00193,Rastrelliger kanagurta,Indian mackerel,21.7455,89.9438,2025-11-13,3,HumanObservation,Field Team,48.0,24.3,35.4,Bay of Bengal
OCC_00194,Thunnus albacares,Yellowfin tuna,15.9647,94.2676,2025-04-19,14,LivingSpecimen,Dr. Sharma,42.2,27.7,35.6,Bay of Bengal
OCC_00195,Scomberomorus commerson,Narrow-barred Spanish mackerel,11.9946,64.2411,2025-04-22,44,PreservedSpecimen,Dr. Patel,47.1,29.9,33.6,Arabian Sea
OCC_00196,Epinephelus lanceolatus,Giant grouper,11.2292,81.7501,2025-07-23,50,HumanObservation,Dr. Kumar,4.0,26.8,33.1,Bay of Bengal
OCC_00197,Sardinella longiceps,Indian oil sardine,14.2455,83.4296,2025-09-01,42,HumanObservation,Field Team,96.6,24.3,36.2,Bay of Bengal
OCC_00198,Caranx ignobilis,Giant trevally,22.0425,60.3189,2025-05-06,2,HumanObservation,Dr. Sharma,69.8,26.1,36.1,Arabian Sea
OCC_00199,Lutjanus campechanus,Red snapper,23.4285,61.2215,2025-05-22,29,PreservedSpecimen,Dr. Patel,40.4,25.1,35.0,Arabian Sea
OCC_00200,Decapterus russelli,Indian scad,3.2629,69.8283,2025-05-10,28,HumanObservation,Dr. Kumar,22.8,25.5,34.8,Indian Ocean
OCC_00201,Rastrelliger kanagurta,Indian mackerel,23.1362,64.6887,2025-08-29,23,PreservedSpecimen,Field Team,33.7,28.2,36.4,Arabian Sea
OCC_00202,Katsuwonus pelamis,Skipjack tuna,13.0222,84.592,2025-06-16,28,PreservedSpecimen,Field Team,73.0,26.5,35.4,Bay of Bengal
OCC_00203,Lutjanus campechanus,Red snapper,12.9115,81.4577,2024-12-25,12,PreservedSpecimen,Dr. Sharma,41.2,27.3,34.3,Bay of Bengal
OCC_00204,Sardinella longiceps,Indian oil sardine,21.8205,73.0704,2025-11-09,17,PreservedSpecimen,Dr. Sharma,74.4,29.2,34.1,Arabian Sea
OCC_00205,Sardinella longiceps,Indian oil sardine,10.0438,87.2216,2025-01-10,3,HumanObservation,Dr. Kumar,12.1,27.0,33.5,Bay of Bengal
OCC_00206,Euthynnus affinis,Kawakawa,20.4958,94.3665,2025-07-22,34,HumanObservation,Dr. Kumar,68.2,27.1,33.9,Bay of Bengal
OCC_00207,Epinephelus lanceolatus,Giant grouper,15.9587,68.3341,2025-05-24,39,PreservedSpecimen,Dr. Patel,46.5,26.3,33.7,Arabian Sea
OCC_00208,Decapterus russelli,Indian scad,21.3051,67.9726,2025-03-19,19,HumanObservation,Dr. Kumar,43.5,27.5,35.1,Arabian Sea
OCC_00209,Rastrelliger kanagurta,Indian mackerel,16.6334,67.1909,2025-08-18,45,PreservedSpecimen,Dr. Sharma,71.7,29.7,33.9,Arabian Sea
OCC_00210,Katsuwonus pelamis,Skipjack tuna,9.5415,89.1266,2025-04-29,8,PreservedSpecimen,Dr. Sharma,90.1,28.7,34.4,Bay of Bengal
OCC_00211,Scomberomorus commerson,Narrow-barred Spanish mackerel,-4.2637,69.8391,2025-07-20,13,PreservedSpecimen,Dr. Patel,5.1,26.0,36.6,Indian Ocean
OCC_00212,Epinephelus lanceolatus,Giant grouper,-8.9499,69.8398,2025-02-13,2,LivingSpecimen,Field Team,6.7,27.0,33.8,Indian Ocean
OCC_00213,Sardinella longiceps,Indian oil sardine,22.6626,71.5079,2025-10-29,2,HumanObservation,Dr. Kumar,40.3,28.6,33.8,Arabian Sea
OCC_00214,Rastrelliger kanagurta,Indian mackerel,5.2603,86.3905,2025-02-24,28,HumanObservation,Dr. Kumar,98.1,24.1,35.5,Bay of Bengal
OCC_00215,Rastrelliger kanagurta,Indian mackerel,-9.5105,77.7334,2025-08-24,4,PreservedSpecimen,Dr. Kumar,62.8,28.5,34.9,Indian Ocean
OCC_00216,Thunnus albacares,Yellowfin tuna,17.0818,85.3876,2024-12-28,24,HumanObservation,Field Team,55.2,25.5,35.7,Bay of Bengal
OCC_00217,Lutjanus campechanus,Red snapper,8.2587,82.1118,2025-06-24,15,LivingSpecimen,Dr. Patel,83.1,24.3,34.5,Indian Ocean
OCC_00218,Rastrelliger kanagurta,Indian mackerel,11.7699,67.6174,2025-04-20,26,PreservedSpecimen,Dr. Patel,69.5,26.5,33.7,Arabian Sea
OCC_00219,Katsuwonus pelamis,Skipjack tuna,-5.6746,72.257,2025-06-30,26,PreservedSpecimen,Dr. Patel,3.8,27.7,34.2,Indian Ocean
OCC_00220,Katsuwonus pelamis,Skipjack tuna,-9.4653,74.8897,2025-11-14,39,LivingSpecimen,Dr. Patel,70.4,27.2,33.9,Indian Ocean
OCC_00221,Katsuwonus pelamis,Skipjack tuna,-0.5322,65.4559,2025-05-19,34,LivingSpecimen,Dr. Kumar,22.9,26.4,33.0,Indian Ocean
OCC_00222,Rastrelliger kanagurta,Indian mackerel,3.9269,86.7681,2025-05-09,10,PreservedSpecimen,Dr. Sharma,54.7,27.0,36.8,Indian Ocean
OCC_00223,Caranx ignobilis,Giant trevally,9.0531,80.4225,2025-03-07,19,HumanObservation,Dr. Kumar,83.0,25.2,35.2,Bay of Bengal
OCC_00224,Rastrelliger kanagurta,Indian mackerel,-2.8725,67.5749,2025-06-11,30,LivingSpecimen,Field Team,5.6,29.6,36.8,Indian Ocean
OCC_00225,Thunnus albacares,Yellowfin tuna,16.6428,68.4518,2025-06-14,50,HumanObservation,Field Team,90.1,29.8,35.9,Arabian Sea
OCC_00226,Lutjanus campechanus,Red snapper,16.5549,94.2234,2025-05-31,31,HumanObservation,Dr. Kumar,84.8,29.0,35.3,Bay of Bengal
OCC_00227,Thunnus albacares,Yellowfin tuna,-4.78,73.211,2025-02-27,16,HumanObservation,Dr. Patel,87.0,29.9,36.5,Indian Ocean
OCC_00228,Scomberomorus commerson,Narrow-barred Spanish mackerel,12.3238,62.2893,2025-05-17,46,PreservedSpecimen,Dr. Kumar,13.0,29.0,35.8,Arabian Sea
OCC_00229,Epinephelus lanceolatus,Giant grouper,13.1819,90.0338,2025-11-30,13,PreservedSpecimen,Dr. Patel,58.7,25.2,34.1,Bay of Bengal
OCC_00230,Sardinella longiceps,Indian oil sardine,6.5689,77.7189,2025-10-20,2,LivingSpecimen,Dr. Patel,17.1,29.4,35.1,Indian Ocean
OCC_00231,Scomberomorus commerson,Narrow-barred Spanish mackerel,16.3515,87.195,2025-03-19,1,PreservedSpecimen,Dr. Sharma,26.1,29.6,36.4,Bay of Bengal
OCC_00232,Katsuwonus pelamis,Skipjack tuna,16.5823,72.2054,2025-04-29,46,LivingSpecimen,Dr. Sharma,70.3,24.4,36.4,Arabian Sea
OCC_00233,Katsuwonus pelamis,Skipjack tuna,0.1495,74.76,2025-08-18,4,HumanObservation,Field Team,80.0,26.0,36.4,Indian Ocean
OCC_00234,Rastrelliger kanagurta,Indian mackerel,20.1418,94.8334,2025-05-22,49,PreservedSpecimen,Dr. Sharma,18.3,24.7,34.9,Bay of Bengal
OCC_00235,Euthynnus affinis,Kawakawa,-2.5153,71.3183,2025-06-28,45,LivingSpecimen,Field Team,35.3,24.3,35.0,Indian Ocean
OCC_00236,Decapterus russelli,Indian scad,5.9667,88.9219,2025-05-30,45,PreservedSpecimen,Dr. Kumar,71.1,24.8,33.6,Indian Ocean
OCC_00237,Euthynnus affinis,Kawakawa,16.5709,90.0739,2025-08-23,48,HumanObservation,Dr. Patel,22.9,30.0,36.3,Bay of Bengal
OCC_00238,Katsuwonus pelamis,Skipjack tuna,16.7838,93.6749,2024-12-12,6,PreservedSpecimen,Dr. Patel,32.0,27.8,35.8,Bay of Bengal
OCC_00239,Sardinella longiceps,Indian oil sardine,5.4292,92.5446,2025-04-07,49,HumanObservation,Dr. Patel,97.3,24.7,34.2,Bay of Bengal
OCC_00240,Rastrelliger kanagurta,Indian mackerel,-1.6595,65.6448,2025-02-18,47,LivingSpecimen,Dr. Patel,45.8,28.5,35.5,Indian Ocean
OCC_00241,Epinephelus lanceolatus,Giant grouper,15.8269,61.148,2025-06-19,17,PreservedSpecimen,Dr. Patel,42.3,30.0,35.3,Arabian Sea
OCC_00242,Euthynnus affinis,Kawakawa,13.4466,91.3913,2025-07-22,19,LivingSpecimen,Field Team,36.4,29.6,34.0,Bay of Bengal
OCC_00243,Epinephelus lanceolatus,Giant grouper,-2.0117,81.9111,2025-09-09,19,PreservedSpecimen,Dr. Sharma,19.2,29.3,35.7,Indian Ocean
OCC_00244,Decapterus russelli,Indian scad,-3.5116,76.6071,2025-07-05,45,HumanObservation,Dr. Patel,94.8,29.6,34.3,Indian Ocean
OCC_00245,Decapterus russelli,Indian scad,6.3633,83.3832,2025-05-28,7,HumanObservation,Dr. Kumar,42.9,29.1,35.0,Indian Ocean
OCC_00246,Epinephelus lanceolatus,Giant grouper,11.9766,73.3132,2025-04-04,41,PreservedSpecimen,Dr. Kumar,14.2,26.5,35.5,Arabian Sea
OCC_00247,Decapterus russelli,Indian scad,22.9206,65.4425,2025-04-18,16,PreservedSpecimen,Field Team,95.6,28.4,34.4,Arabian Sea
OCC_00248,Sardinella longiceps,Indian oil sardine,17.8175,68.1836,2025-03-23,38,LivingSpecimen,Dr. Sharma,87.6,25.1,33.1,Arabian Sea
OCC_00249,Euthynnus affinis,Kawakawa,17.4921,88.772,2025-11-28,43,PreservedSpecimen,Dr. Patel,26.0,25.1,33.2,Bay of Bengal
OCC_00250,Thunnus albacares,Yellowfin tuna,12.8306,94.72,2024-12-15,2,LivingSpecimen,Field Team,83.7,24.0,35.9,Bay of Bengal
OCC_00251,Sardinella longiceps,Indian oil sardine,19.3662,72.701,2024-12-05,35,LivingSpecimen,Dr. Sharma,80.3,25.5,36.3,Arabian Sea
OCC_00252,Euthynnus affinis,Kawakawa,1.0364,65.0222,2025-07-15,38,HumanObservation,Dr. Sharma,58.3,26.0,34.7,Indian Ocean
OCC_00253,Sardinella longiceps,Indian oil sardine,-7.7512,71.0531,2025-07-10,14,LivingSpecimen,Field Team,62.3,28.8,36.3,Indian Ocean
OCC_00254,Scomberomorus commerson,Narrow-barred Spanish mackerel,-3.7411,68.9208,2025-11-01,37,LivingSpecimen,Dr. Patel,38.3,25.9,34.1,Indian Ocean
OCC_00255,Scomberomorus commerson,Narrow-barred Spanish mackerel,14.4211,86.6546,2025-04-25,27,HumanObservation,Dr. Patel,75.8,26.2,33.7,Bay of Bengal
OCC_00256,Thunnus albacares,Yellowfin tuna,16.5276,69.3486,2025-10-09,35,LivingSpecimen,Dr. Kumar,88.1,28.2,35.5,Arabian Sea
OCC_00257,Scomberomorus commerson,Narrow-barred Spanish mackerel,0.3256,85.3681,2025-01-12,40,PreservedSpecimen,Dr. Kumar,4.8,25.2,36.1,Indian Ocean
OCC_00258,Lutjanus campechanus,Red snapper,21.7014,65.5459,2025-07-14,37,HumanObservation,Dr. Patel,22.5,25.0,36.4,Arabian Sea
OCC_00259,Sardinella longiceps,Indian oil sardine,15.0383,88.4106,2025-06-29,33,LivingSpecimen,Dr. Patel,45.9,26.8,35.8,Bay of Bengal
OCC_00260,Thunnus albacares,Yellowfin tuna,4.8682,86.8926,2025-03-18,38,LivingSpecimen,Dr. Kumar,35.9,27.2,34.3,Indian Ocean
OCC_00261,Caranx ignobilis,Giant trevally,11.8192,69.9964,2025-02-18,23,PreservedSpecimen,Field Team,88.8,24.2,36.0,Arabian Sea
OCC_00262,Rastrelliger kanagurta,Indian mackerel,10.3996,64.5488,2024-12-30,23,LivingSpecimen,Dr. Patel,10.4,28.3,34.3,Arabian Sea
OCC_00263,Katsuwonus pelamis,Skipjack tuna,9.996,94.5614,2025-05-21,6,PreservedSpecimen,Field Team,50.2,30.0,36.0,Bay of Bengal
OCC_00264,Euthynnus affinis,Kawakawa,21.8231,81.9567,2025-05-07,34,LivingSpecimen,Field Team,69.9,24.6,36.3,Bay of Bengal
OCC_00265,Thunnus albacares,Yellowfin tuna,19.6583,74.6776,2025-07-12,13,HumanObservation,Dr. Sharma,94.2,25.0,35.1,Arabian Sea
OCC_00266,Lutjanus campechanus,Red snapper,-1.2029,74.8671,2025-01-05,45,HumanObservation,Dr. Sharma,32.8,29.9,35.3,Indian Ocean
OCC_00267,Scomberomorus commerson,Narrow-barred Spanish mackerel,-0.5662,78.4045,2025-09-11,25,LivingSpecimen,Dr. Kumar,80.4,24.7,36.7,Indian Ocean
OCC_00268,Rastrelliger kanagurta,Indian mackerel,18.005,69.035,2025-08-07,39,LivingSpecimen,Dr. Patel,57.3,25.8,36.2,Arabian Sea
OCC_00269,Epinephelus lanceolatus,Giant grouper,22.3257,66.1675,2025-08-02,24,HumanObservation,Dr. Kumar,12.9,29.2,36.1,Arabian Sea
OCC_00270,Sardinella longiceps,Indian oil sardine,19.3204,72.8407,2025-07-24,8,LivingSpecimen,Dr. Kumar,96.9,24.6,36.6,Arabian Sea
OCC_00271,Decapterus russelli,Indian scad,18.4819,84.4518,2025-03-30,30,LivingSpecimen,Dr. Patel,48.4,25.9,36.1,Bay of Bengal
OCC_00272,Thunnus albacares,Yellowfin tuna,5.9633,78.1612,2025-07-23,42,LivingSpecimen,Dr. Sharma,52.5,24.1,33.9,Indian Ocean
OCC_00273,Katsuwonus pelamis,Skipjack tuna,13.0707,72.924,2025-09-27,28,PreservedSpecimen,Dr. Patel,71.7,29.5,33.2,Arabian Sea
OCC_00274,Rastrelliger kanagurta,Indian mackerel,18.4086,66.4745,2025-08-26,32,PreservedSpecimen,Dr. Patel,29.2,27.3,35.1,Arabian Sea
OCC_00275,Euthynnus affinis,Kawakawa,-8.0477,86.3697,2025-06-17,14,PreservedSpecimen,Dr. Patel,88.8,26.4,34.0,Indian Ocean
OCC_00276,Epinephelus lanceolatus,Giant grouper,20.378,68.5032,2025-10-27,11,PreservedSpecimen,Dr. Kumar,88.1,27.9,33.3,Arabian Sea
OCC_00277,Lutjanus campechanus,Red snapper,18.4436,73.3647,2025-06-03,21,LivingSpecimen,Dr. Patel,66.4,27.8,36.7,Arabian Sea
OCC_00278,Sardinella longiceps,Indian oil sardine,13.1562,64.5781,2025-03-11,10,LivingSpecimen,Dr. Sharma,98.7,27.0,34.2,Arabian Sea
OCC_00279,Lutjanus campechanus,Red snapper,23.9375,72.334,2025-09-15,33,HumanObservation,Dr. Sharma,25.4,26.2,34.3,Arabian Sea
OCC_00280,Scomberomorus commerson,Narrow-barred Spanish mackerel,18.4763,61.3252,2025-07-18,37,HumanObservation,Field Team,86.4,24.6,34.3,Arabian Sea
OCC_00281,Decapterus russelli,Indian scad,-1.2622,69.1279,2025-05-09,46,PreservedSpecimen,Field Team,19.6,29.1,35.2,Indian Ocean
OCC_00282,Lutjanus campechanus,Red snapper,20.0633,94.3944,2025-01-31,38,LivingSpecimen,Field Team,71.4,28.9,34.1,Bay of Bengal
OCC_00283,Lutjanus campechanus,Red snapper,-3.8962,77.8054,2025-10-08,18,LivingSpecimen,Field Team,59.9,24.7,35.4,Indian Ocean
OCC_00284,Caranx ignobilis,Giant trevally,20.253,60.296,2025-07-08,28,PreservedSpecimen,Dr. Kumar,25.0,24.7,33.2,Arabian Sea
OCC_00285,Thunnus albacares,Yellowfin tuna,21.1434,61.1373,2025-04-14,28,HumanObservation,Dr. Patel,63.8,26.4,36.4,Arabian Sea
OCC_00286,Decapterus russelli,Indian scad,14.6175,62.156,2025-04-11,43,LivingSpecimen,Dr. Sharma,53.5,25.5,33.0,Arabian Sea
OCC_00287,Sardinella longiceps,Indian oil sardine,17.5432,86.5075,2025-07-27,18,LivingSpecimen,Dr. Sharma,80.6,27.8,33.1,Bay of Bengal
OCC_00288,Euthynnus affinis,Kawakawa,0.8887,74.2461,2025-02-26,47,LivingSpecimen,Dr. Patel,56.6,29.0,34.3,Indian Ocean
OCC_00289,Scomberomorus commerson,Narrow-barred Spanish mackerel,13.1608,63.6284,2025-02-15,36,LivingSpecimen,Dr. Kumar,41.7,29.0,36.4,Arabian Sea
OCC_00290,Decapterus russelli,Indian scad,21.2289,64.4625,2025-09-03,22,HumanObservation,Field Team,88.8,25.5,35.2,Arabian Sea
OCC_00291,Lutjanus campechanus,Red snapper,12.7492,85.561,2025-06-17,23,LivingSpecimen,Field Team,18.6,27.7,33.9,Bay of Bengal
OCC_00292,Lutjanus campechanus,Red snapper,13.8572,70.4934,2025-04-28,41,PreservedSpecimen,Field Team,43.9,25.7,35.0,Arabian Sea
OCC_00293,Epinephelus lanceolatus,Giant grouper,16.2822,63.6037,2025-08-14,13,PreservedSpecimen,Dr. Kumar,13.5,27.0,35.6,Arabian Sea
OCC_00294,Katsuwonus pelamis,Skipjack tuna,3.7505,71.9299,2025-01-13,27,LivingSpecimen,Field Team,41.7,29.2,35.6,Indian Ocean
OCC_00295,Scomberomorus commerson,Narrow-barred Spanish mackerel,-0.3569,76.2831,2025-02-25,31,LivingSpecimen,Dr. Kumar,56.8,27.6,35.7,Indian Ocean
OCC_00296,Scomberomorus commerson,Narrow-barred Spanish mackerel,7.5601,79.1438,2025-05-20,33,HumanObservation,Dr. Patel,6.2,26.9,35.2,Indian Ocean
OCC_00297,Rastrelliger kanagurta,Indian mackerel,6.4096,80.7224,2025-03-10,30,PreservedSpecimen,Dr. Sharma,49.2,29.0,33.0,Bay of Bengal
OCC_00298,Scomberomorus commerson,Narrow-barred Spanish mackerel,16.5144,70.8488,2025-10-30,5,HumanObservation,Dr. Patel,73.5,27.7,35.0,Arabian Sea
OCC_00299,Epinephelus lanceolatus,Giant grouper,23.4515,62.4322,2025-02-20,12,LivingSpecimen,Dr. Kumar,20.3,26.2,33.2,Arabian Sea
OCC_00300,Thunnus albacares,Yellowfin tuna,2.3159,84.7277,2025-06-07,41,HumanObservation,Field Team,83.4,25.2,33.7,Indian Ocean
