id,parameter,value,unit,latitude,longitude,depth,timestamp,source,quality,region
OCEAN_00001,temperature,29.33,°C,-9.1255,71.4655,135.8,2025-09-01T10:57:13.071789,CTD,good,Indian Ocean
OCEAN_00002,temperature,20.74,°C,18.4228,73.4215,39.5,2025-10-15T09:44:44.278307,Satellite,good,Arabian Sea
OCEAN_00003,dissolved_oxygen,34.4,PSU,2.4966,76.7482,83.4,2025-10-16T12:50:25.694748,Satellite,good,Indian Ocean
OCEAN_00004,pH,30.12,PSU,9.4984,76.5257,124.8,2025-09-25T08:22:44.935771,Satellite,good,Indian Ocean
OCEAN_00005,pH,30.81,PSU,10.8731,66.9651,148.9,2025-10-23T00:53:23.223835,CTD,good,Arabian Sea
OCEAN_00006,dissolved_oxygen,32.59,PSU,19.2309,66.799,91.0,2025-09-19T20:01:26.497670,Satellite,good,Arabian Sea
OCEAN_00007,chlorophyll,37.01,PSU,22.3358,64.6821,146.9,2025-09-15T12:26:15.431854,Ship Survey,good,Arabian Sea
OCEAN_00008,dissolved_oxygen,33.58,PSU,-2.0385,77.2226,198.1,2025-07-20T03:04:59.538112,Ship Survey,fair,Indian Ocean
OCEAN_00009,salinity,32.02,PSU,21.9848,87.3852,196.6,2025-11-18T21:54:57.729170,CTD,good,Bay of Bengal
OCEAN_00010,temperature,21.69,°C,-8.3516,86.4693,148.2,2025-08-22T23:46:15.316461,Ship Survey,fair,Indian Ocean
OCEAN_00011,dissolved_oxygen,36.27,PSU,-0.3208,83.2126,36.8,2025-08-10T20:51:26.812714,Buoy,good,Indian Ocean
OCEAN_00012,salinity,31.8,PSU,22.4344,63.8848,2.2,2025-09-10T06:09:53.698606,Buoy,good,Arabian Sea
OCEAN_00013,chlorophyll,32.35,PSU,21.1668,67.2354,187.1,2025-12-04T13:41:01.592663,Ship Survey,good,Arabian Sea
OCEAN_00014,pH,30.55,PSU,16.0206,64.4717,107.5,2025-10-17T21:20:35.347443,CTD,good,Arabian Sea
OCEAN_00015,dissolved_oxygen,33.15,PSU,5.8509,87.4048,89.4,2025-09-21T21:08:55.378699,CTD,good,Bay of Bengal
OCEAN_00016,dissolved_oxygen,35.85,PSU,-5.1204,88.079,153.2,2025-10-27T18:33:47.511238,Satellite,good,Indian Ocean
OCEAN_00017,temperature,31.98,°C,13.6294,70.7623,60.7,2025-06-12T20:29:42.353816,CTD,good,Arabian Sea
OCEAN_00018,temperature,27.42,°C,20.7325,91.672,130.0,2025-08-30T16:31:39.324154,Ship Survey,good,Bay of Bengal
OCEAN_00019,salinity,36.06,PSU,5.3762,90.0562,103.0,2025-09-16T22:40:58.518048,Satellite,good,Bay of Bengal
OCEAN_00020,pH,36.02,PSU,-3.0895,87.7321,56.7,2025-06-09T13:55:45.958240,Ship Survey,good,Indian Ocean
OCEAN_00021,temperature,20.39,°C,16.9,73.4952,122.1,2025-08-28T06:39:39.016299,Buoy,good,Arabian Sea
OCEAN_00022,pH,32.29,PSU,-2.9471,87.3577,129.5,2025-09-13T05:34:02.413531,CTD,good,Indian Ocean
OCEAN_00023,dissolved_oxygen,35.84,PSU,6.0622,87.1658,195.9,2025-08-03T07:11:35.111534,Buoy,good,Indian Ocean
OCEAN_00024,dissolved_oxygen,35.32,PSU,-0.1026,75.8697,8.2,2025-08-12T16:51:45.323624,Satellite,fair,Indian Ocean
OCEAN_00025,temperature,31.98,°C,7.5481,91.7633,65.0,2025-09-18T23:09:12.279774,Buoy,good,Bay of Bengal
OCEAN_00026,temperature,22.41,°C,-8.7201,86.5633,130.0,2025-08-03T21:23:21.980180,Buoy,fair,Indian Ocean
OCEAN_00027,dissolved_oxygen,31.76,PSU,21.8401,86.8278,119.4,2025-10-07T08:11:32.492676,Ship Survey,good,Bay of Bengal
OCEAN_00028,temperature,31.57,°C,15.1318,92.3653,74.8,2025-07-18T01:02:26.331827,CTD,good,Bay of Bengal
OCEAN_00029,pH,36.9,PSU,18.6635,91.594,1.5,2025-09-24T20:48:47.973814,Ship Survey,good,Bay of Bengal
OCEAN_00030,pH,32.52,PSU,12.8468,81.3316,89.3,2025-09-14T17:31:56.337152,Ship Survey,good,Bay of Bengal
OCEAN_00031,temperature,23.89,°C,-9.7509,76.5101,103.0,2025-08-05T22:44:44.998893,Satellite,fair,Indian Ocean
OCEAN_00032,pH,32.02,PSU,2.8524,81.329,43.2,2025-08-31T03:10:11.747894,Satellite,good,Indian Ocean
OCEAN_00033,pH,36.84,PSU,22.125,64.209,66.3,2025-06-20T01:12:17.440752,Satellite,good,Arabian Sea
OCEAN_00034,chlorophyll,36.88,PSU,15.607,86.7589,188.6,2025-08-28T01:22:34.815434,CTD,good,Bay of Bengal
OCEAN_00035,dissolved_oxygen,30.99,PSU,6.1312,88.6336,177.4,2025-11-01T20:28:11.790321,Buoy,good,Bay of Bengal
OCEAN_00036,temperature,25.71,°C,22.2419,63.3774,31.1,2025-10-04T15:45:38.978900,Buoy,good,Arabian Sea
OCEAN_00037,salinity,31.66,PSU,11.9577,90.1271,154.5,2025-09-30T01:39:34.118483,CTD,fair,Bay of Bengal
OCEAN_00038,temperature,25.44,°C,3.7163,67.8775,152.3,2025-08-26T05:38:47.805158,Satellite,good,Indian Ocean
OCEAN_00039,dissolved_oxygen,36.51,PSU,17.105,94.7713,187.1,2025-06-08T10:40:05.951841,Satellite,good,Bay of Bengal
OCEAN_00040,temperature,21.3,°C,10.5651,89.7463,127.1,2025-09-25T04:47:27.560634,CTD,fair,Bay of Bengal
OCEAN_00041,dissolved_oxygen,34.79,PSU,7.7746,67.0011,169.0,2025-11-16T07:55:54.538085,Ship Survey,good,Indian Ocean
OCEAN_00042,salinity,35.11,PSU,12.7126,68.4676,118.5,2025-06-09T19:42:19.449443,CTD,good,Arabian Sea
OCEAN_00043,salinity,33.54,PSU,18.6812,88.001,156.5,2025-10-06T14:53:52.532177,Satellite,good,Bay of Bengal
OCEAN_00044,pH,32.26,PSU,11.955,61.2538,179.3,2025-11-30T20:25:09.699888,Buoy,good,Arabian Sea
OCEAN_00045,dissolved_oxygen,36.41,PSU,4.8215,75.2432,177.3,2025-11-30T08:30:48.912057,Buoy,fair,Indian Ocean
OCEAN_00046,pH,34.4,PSU,14.3999,93.4209,162.8,2025-10-26T19:52:20.285766,Buoy,good,Bay of Bengal
OCEAN_00047,temperature,25.9,°C,17.8976,60.5938,156.4,2025-10-08T18:34:26.516267,Ship Survey,fair,Arabian Sea
OCEAN_00048,dissolved_oxygen,32.27,PSU,4.0572,87.5345,109.2,2025-09-26T16:29:04.417030,Buoy,fair,Indian Ocean
OCEAN_00049,salinity,31.3,PSU,-4.2347,79.2126,80.9,2025-07-01T14:43:39.256102,CTD,good,Indian Ocean
OCEAN_00050,chlorophyll,32.33,PSU,-8.8554,80.7383,148.2,2025-07-23T14:02:02.970952,Buoy,good,Indian Ocean
OCEAN_00051,salinity,31.87,PSU,8.1608,77.0358,82.3,2025-07-08T17:22:46.606715,Buoy,good,Indian Ocean
OCEAN_00052,temperature,30.86,°C,7.8105,83.5382,137.9,2025-11-06T21:34:42.117047,Buoy,good,Bay of Bengal
OCEAN_00053,temperature,26.31,°C,5.3422,87.6041,28.5,2025-09-10T20:16:39.005665,CTD,good,Bay of Bengal
OCEAN_00054,dissolved_oxygen,37.65,PSU,9.5275,69.4196,7.1,2025-10-07T13:21:57.005481,Satellite,good,Indian Ocean
OCEAN_00055,dissolved_oxygen,32.42,PSU,16.6387,93.4281,124.8,2025-08-08T20:43:12.041681,Buoy,good,Bay of Bengal
OCEAN_00056,temperature,24.85,°C,16.0879,84.4373,75.8,2025-11-03T10:01:23.866951,Ship Survey,fair,Bay of Bengal
OCEAN_00057,chlorophyll,31.37,PSU,13.7209,82.3468,97.7,2025-09-08T04:03:50.648159,CTD,good,Bay of Bengal
OCEAN_00058,pH,32.86,PSU,10.8262,91.893,195.3,2025-09-10T15:00:45.116300,Satellite,fair,Bay of Bengal
OCEAN_00059,chlorophyll,33.62,PSU,-0.979,77.8358,12.5,2025-09-02T05:28:39.471871,Ship Survey,good,Indian Ocean
OCEAN_00060,chlorophyll,31.16,PSU,5.8772,66.9153,165.8,2025-11-05T04:39:13.154887,Satellite,fair,Indian Ocean
OCEAN_00061,chlorophyll,34.74,PSU,17.0082,66.4148,103.9,2025-10-11T13:02:45.518788,Satellite,good,Arabian Sea
OCEAN_00062,temperature,26.88,°C,5.2753,65.89,47.8,2025-10-09T07:29:27.414366,Ship Survey,fair,Indian Ocean
OCEAN_00063,salinity,33.75,PSU,-7.05,88.037,113.0,2025-08-05T14:06:10.153161,CTD,fair,Indian Ocean
OCEAN_00064,temperature,29.74,°C,10.8555,81.417,69.7,2025-06-08T02:47:58.904876,Ship Survey,good,Bay of Bengal
OCEAN_00065,dissolved_oxygen,31.6,PSU,18.7763,61.6822,25.7,2025-08-11T08:23:24.574301,Satellite,good,Arabian Sea
OCEAN_00066,chlorophyll,33.77,PSU,9.1398,91.487,69.6,2025-08-15T09:25:35.757747,CTD,fair,Bay of Bengal
OCEAN_00067,pH,37.22,PSU,0.4297,73.677,39.1,2025-11-15T08:12:00.419313,Ship Survey,good,Indian Ocean
OCEAN_00068,pH,31.65,PSU,-6.9044,65.6071,128.4,2025-11-13T09:09:28.907105,Ship Survey,good,Indian Ocean
OCEAN_00069,chlorophyll,33.12,PSU,12.0611,65.7945,172.7,2025-09-28T17:42:37.733233,CTD,good,Arabian Sea
OCEAN_00070,chlorophyll,37.37,PSU,21.3858,91.3062,76.4,2025-06-16T05:21:28.503318,CTD,fair,Bay of Bengal
OCEAN_00071,dissolved_oxygen,30.77,PSU,19.195,66.3886,94.5,2025-07-06T00:01:51.012339,Satellite,good,Arabian Sea
OCEAN_00072,temperature,28.26,°C,-0.2275,82.0684,125.8,2025-06-16T21:29:34.616535,Buoy,good,Indian Ocean
OCEAN_00073,salinity,33.88,PSU,14.2957,61.8815,187.0,2025-08-23T06:27:14.391958,Buoy,fair,Arabian Sea
OCEAN_00074,pH,32.27,PSU,2.3763,76.2355,198.3,2025-10-03T20:14:06.935562,Ship Survey,fair,Indian Ocean
OCEAN_00075,salinity,34.08,PSU,7.6304,78.461,105.9,2025-06-25T23:39:56.892076,Satellite,good,Indian Ocean
OCEAN_00076,pH,30.47,PSU,21.4354,85.0056,116.4,2025-07-22T07:48:55.556900,Buoy,fair,Bay of Bengal
OCEAN_00077,salinity,32.94,PSU,20.7296,64.1604,31.9,2025-11-28T19:35:12.837118,Ship Survey,fair,Arabian Sea
OCEAN_00078,chlorophyll,35.75,PSU,-3.1486,65.4315,89.2,2025-06-13T20:30:39.614477,Ship Survey,good,Indian Ocean
OCEAN_00079,dissolved_oxygen,34.47,PSU,13.3162,63.9613,61.9,2025-08-23T20:44:55.721717,Satellite,good,Arabian Sea
OCEAN_00080,chlorophyll,37.47,PSU,17.5778,86.5948,38.5,2025-07-15T11:49:51.384240,Satellite,good,Bay of Bengal
OCEAN_00081,dissolved_oxygen,34.13,PSU,16.5308,87.1275,138.8,2025-10-28T08:39:26.346732,Ship Survey,good,Bay of Bengal
OCEAN_00082,chlorophyll,34.87,PSU,17.6981,87.4382,47.6,2025-10-25T21:50:59.919143,Buoy,good,Bay of Bengal
OCEAN_00083,temperature,31.33,°C,9.3329,85.8212,137.9,2025-08-23T20:09:39.852245,Satellite,good,Bay of Bengal
OCEAN_00084,salinity,37.21,PSU,20.0154,65.1065,89.9,2025-08-05T06:12:45.669283,Satellite,fair,Arabian Sea
OCEAN_00085,pH,30.93,PSU,6.141,67.4231,106.3,2025-08-23T08:34:12.160521,Buoy,fair,Indian Ocean
OCEAN_00086,pH,34.49,PSU,17.8667,63.6424,87.0,2025-09-18T14:58:03.425457,Satellite,good,Arabian Sea
OCEAN_00087,temperature,27.87,°C,18.9375,85.6588,85.8,2025-10-19T07:59:10.823383,Buoy,good,Bay of Bengal
OCEAN_00088,salinity,36.96,PSU,0.5819,66.405,193.6,2025-11-10T15:04:17.338125,Buoy,good,Indian Ocean
OCEAN_00089,chlorophyll,34.9,PSU,5.8518,94.4345,115.7,2025-09-13T15:42:40.492754,Ship Survey,good,Bay of Bengal
OCEAN_00090,pH,33.95,PSU,8.2696,69.1409,161.0,2025-06-20T17:53:55.603056,Ship Survey,good,Indian Ocean
OCEAN_00091,pH,37.69,PSU,-7.0903,82.3806,26.9,2025-11-12T03:28:34.325544,Ship Survey,good,Indian Ocean
OCEAN_00092,temperature,22.35,°C,0.2641,65.4441,196.5,2025-06-16T12:41:32.899882,Ship Survey,good,Indian Ocean
OCEAN_00093,chlorophyll,33.73,PSU,-6.6211,67.4804,118.9,2025-07-05T11:45:26.645919,Satellite,good,Indian Ocean
OCEAN_00094,temperature,20.39,°C,15.9009,71.8636,54.2,2025-06-12T23:41:50.235077,Satellite,good,Arabian Sea
OCEAN_00095,pH,36.34,PSU,2.1932,65.1981,81.0,2025-07-16T10:18:03.707465,Ship Survey,good,Indian Ocean
OCEAN_00096,pH,37.09,PSU,12.4244,67.0741,83.5,2025-11-22T16:45:19.152268,CTD,fair,Arabian Sea
OCEAN_00097,chlorophyll,31.55,PSU,-3.9059,84.4546,152.9,2025-08-21T06:37:57.818286,Buoy,good,Indian Ocean
OCEAN_00098,salinity,35.82,PSU,8.1907,80.9242,24.4,2025-08-03T11:36:34.189058,Satellite,good,Indian Ocean
OCEAN_00099,pH,34.97,PSU,19.3873,82.2437,62.6,2025-06-14T06:26:36.982504,Ship Survey,fair,Bay of Bengal
OCEAN_00100,chlorophyll,34.09,PSU,10.1921,67.3945,58.9,2025-09-08T19:43:33.564168,CTD,fair,Arabian Sea
OCEAN_00101,temperature,24.18,°C,16.5272,73.1533,193.0,2025-08-19T04:23:38.167013,Ship Survey,good,Arabian Sea
OCEAN_00102,salinity,36.48,PSU,4.916,73.7194,152.0,2025-11-15T09:18:18.588317,Satellite,good,Indian Ocean
OCEAN_00103,dissolved_oxygen,30.04,PSU,11.8537,89.2575,91.0,2025-06-16T18:25:05.364679,Buoy,good,Bay of Bengal
OCEAN_00104,temperature,21.33,°C,11.2376,93.9779,183.9,2025-06-19T07:37:57.141131,CTD,good,Bay of Bengal
OCEAN_00105,chlorophyll,36.57,PSU,6.2201,83.7305,56.6,2025-08-12T10:30:44.910624,Ship Survey,good,Indian Ocean
OCEAN_00106,salinity,30.39,PSU,22.2219,69.3546,164.0,2025-10-12T07:45:18.789505,CTD,good,Arabian Sea
OCEAN_00107,chlorophyll,37.89,PSU,20.8729,64.6709,127.2,2025-11-18T03:29:14.255821,CTD,good,Arabian Sea
OCEAN_00108,temperature,29.09,°C,20.6921,80.1736,91.0,2025-10-30T02:37:21.956704,CTD,good,Bay of Bengal
OCEAN_00109,chlorophyll,34.05,PSU,-0.8305,83.4219,121.9,2025-10-07T07:12:34.847752,Ship Survey,good,Indian Ocean
OCEAN_00110,pH,37.37,PSU,1.326,68.5658,46.6,2025-08-14T22:53:27.563104,Satellite,good,Indian Ocean
OCEAN_00111,dissolved_oxygen,36.64,PSU,14.1767,74.6132,101.9,2025-11-04T06:03:36.351681,Satellite,good,Arabian Sea
OCEAN_00112,temperature,25.27,°C,12.7033,64.3842,115.2,2025-08-31T12:27:38.567214,Satellite,good,Arabian Sea
OCEAN_00113,pH,36.38,PSU,-4.0385,73.0308,30.6,2025-10-12T14:38:31.119879,Ship Survey,good,Indian Ocean
OCEAN_00114,salinity,30.12,PSU,19.7629,89.2926,169.4,2025-09-07T11:58:36.727102,Buoy,good,Bay of Bengal
OCEAN_00115,temperature,21.11,°C,13.7605,67.2702,69.9,2025-09-10T01:59:01.998963,Satellite,good,Arabian Sea
OCEAN_00116,chlorophyll,36.65,PSU,14.1745,92.4235,159.7,2025-10-04T02:37:07.648807,Ship Survey,good,Bay of Bengal
OCEAN_00117,temperature,26.7,°C,19.3271,73.6348,66.7,2025-09-10T22:28:46.516047,Ship Survey,good,Arabian Sea
OCEAN_00118,dissolved_oxygen,37.59,PSU,13.0845,74.7117,108.0,2025-11-22T00:30:22.131761,Ship Survey,good,Arabian Sea
OCEAN_00119,pH,30.76,PSU,-2.5503,81.2608,86.8,2025-10-19T02:03:11.859527,Satellite,good,Indian Ocean
OCEAN_00120,salinity,30.64,PSU,9.7369,84.3059,93.9,2025-10-31T07:07:05.991075,Ship Survey,good,Indian Ocean
OCEAN_00121,pH,34.69,PSU,21.981,88.8971,156.5,2025-08-20T17:20:07.571456,Ship Survey,good,Bay of Bengal
OCEAN_00122,salinity,37.97,PSU,20.3611,71.1215,12.7,2025-08-17T05:07:08.006007,Satellite,good,Arabian Sea
OCEAN_00123,temperature,20.55,°C,19.5193,91.1688,164.4,2025-09-08T18:50:29.343261,Buoy,good,Bay of Bengal
OCEAN_00124,dissolved_oxygen,33.6,PSU,11.4072,89.2942,161.0,2025-06-29T07:28:48.609539,Buoy,good,Bay of Bengal
OCEAN_00125,dissolved_oxygen,35.9,PSU,20.6971,67.7507,182.8,2025-10-04T21:58:44.414629,CTD,good,Arabian Sea
OCEAN_00126,temperature,20.29,°C,2.7613,73.9249,35.3,2025-10-07T22:07:20.774823,Satellite,good,Indian Ocean
OCEAN_00127,pH,33.0,PSU,15.1282,65.5195,103.6,2025-09-19T14:26:39.298692,Satellite,fair,Arabian Sea
OCEAN_00128,temperature,20.84,°C,22.101,60.2507,25.1,2025-11-22T06:40:15.373654,Satellite,good,Arabian Sea
OCEAN_00129,salinity,35.27,PSU,5.7275,68.1566,142.6,2025-09-02T15:00:04.707534,CTD,good,Indian Ocean
OCEAN_00130,chlorophyll,31.72,PSU,12.8065,69.4358,47.5,2025-08-08T15:28:55.274097,Ship Survey,good,Arabian Sea
OCEAN_00131,temperature,31.82,°C,16.8902,74.3212,39.7,2025-07-03T13:21:37.514788,Satellite,good,Arabian Sea
OCEAN_00132,salinity,37.41,PSU,-4.2267,80.9034,41.6,2025-12-04T17:29:13.471814,Ship Survey,good,Indian Ocean
OCEAN_00133,temperature,22.36,°C,23.379,68.8758,194.3,2025-10-22T21:46:02.920462,Buoy,good,Arabian Sea
OCEAN_00134,chlorophyll,36.73,PSU,17.127,91.1993,167.2,2025-07-25T17:16:27.439256,Ship Survey,good,Bay of Bengal
OCEAN_00135,temperature,24.97,°C,21.813,90.7033,173.1,2025-12-03T15:28:52.372114,Ship Survey,fair,Bay of Bengal
OCEAN_00136,dissolved_oxygen,36.44,PSU,23.4486,69.6848,162.8,2025-09-17T08:04:57.697399,Ship Survey,good,Arabian Sea
OCEAN_00137,temperature,24.07,°C,11.3107,61.0048,80.1,2025-07-28T10:55:47.472844,Satellite,good,Arabian Sea
OCEAN_00138,temperature,20.19,°C,7.8599,77.5843,75.4,2025-10-23T11:44:08.457031,CTD,good,Indian Ocean
OCEAN_00139,dissolved_oxygen,37.24,PSU,-6.994,70.1403,101.4,2025-11-05T22:40:56.339113,Satellite,good,Indian Ocean
OCEAN_00140,dissolved_oxygen,30.08,PSU,8.9796,93.1286,181.4,2025-08-15T22:55:54.636786,Ship Survey,good,Bay of Bengal
OCEAN_00141,salinity,33.58,PSU,14.3273,63.9042,54.0,2025-07-23T07:04:19.736363,Buoy,good,Arabian Sea
OCEAN_00142,temperature,29.79,°C,22.2681,61.9784,133.0,2025-10-03T22:09:48.965416,Ship Survey,good,Arabian Sea
OCEAN_00143,pH,37.15,PSU,22.2258,67.1663,183.4,2025-08-25T09:08:34.374840,Ship Survey,good,Arabian Sea
OCEAN_00144,chlorophyll,34.82,PSU,19.7502,65.3413,90.8,2025-11-19T05:15:38.866137,Buoy,good,Arabian Sea
OCEAN_00145,pH,34.85,PSU,16.0419,67.0586,111.1,2025-08-06T16:17:13.286170,Satellite,fair,Arabian Sea
OCEAN_00146,pH,35.06,PSU,6.902,80.1021,64.0,2025-06-08T05:36:24.800077,CTD,fair,Bay of Bengal
OCEAN_00147,salinity,33.9,PSU,13.4129,71.0105,148.1,2025-07-26T20:02:58.804442,Ship Survey,good,Arabian Sea
OCEAN_00148,dissolved_oxygen,31.77,PSU,3.8679,75.3785,181.1,2025-08-31T14:00:57.767301,Satellite,fair,Indian Ocean
OCEAN_00149,dissolved_oxygen,36.35,PSU,9.9563,69.2417,44.9,2025-12-02T08:38:51.922326,CTD,fair,Indian Ocean
OCEAN_00150,pH,34.58,PSU,13.6786,81.9391,120.6,2025-11-10T06:02:22.701843,Ship Survey,good,Bay of Bengal
OCEAN_00151,pH,33.7,PSU,14.9234,65.0741,184.7,2025-10-25T05:55:26.987418,CTD,good,Arabian Sea
OCEAN_00152,pH,36.59,PSU,18.181,67.5569,163.3,2025-06-19T02:36:25.979845,Satellite,good,Arabian Sea
OCEAN_00153,temperature,21.71,°C,20.7244,72.3373,142.8,2025-07-31T07:28:35.430809,CTD,good,Arabian Sea
OCEAN_00154,chlorophyll,36.71,PSU,17.8573,92.729,89.4,2025-07-31T21:18:16.827662,Satellite,good,Bay of Bengal
OCEAN_00155,chlorophyll,37.38,PSU,17.2761,91.263,19.3,2025-08-22T13:17:30.519641,Buoy,good,Bay of Bengal
OCEAN_00156,pH,30.62,PSU,21.383,61.0407,35.7,2025-07-21T03:49:04.510986,CTD,good,Arabian Sea
OCEAN_00157,dissolved_oxygen,32.28,PSU,12.6353,94.4514,167.8,2025-08-05T20:35:10.817682,Satellite,good,Bay of Bengal
OCEAN_00158,temperature,23.44,°C,20.3994,63.2819,68.2,2025-09-13T22:57:29.111886,Buoy,good,Arabian Sea
OCEAN_00159,chlorophyll,31.26,PSU,21.8729,74.4392,52.9,2025-11-30T07:45:20.589209,Ship Survey,good,Arabian Sea
OCEAN_00160,temperature,26.95,°C,13.8778,69.351,158.3,2025-09-14T12:49:41.350724,Satellite,good,Arabian Sea
OCEAN_00161,chlorophyll,37.62,PSU,-3.2893,80.9516,132.0,2025-12-02T23:37:33.206970,Satellite,good,Indian Ocean
OCEAN_00162,pH,36.59,PSU,17.9799,62.3896,134.0,2025-11-15T13:57:44.176787,Buoy,good,Arabian Sea
OCEAN_00163,dissolved_oxygen,37.0,PSU,-0.617,86.6493,186.2,2025-08-03T13:21:46.406754,Buoy,good,Indian Ocean
OCEAN_00164,dissolved_oxygen,32.09,PSU,18.3101,68.2938,130.2,2025-11-09T05:40:01.098816,Ship Survey,fair,Arabian Sea
OCEAN_00165,temperature,30.87,°C,1.2932,71.9475,90.0,2025-10-30T07:45:54.297476,Satellite,good,Indian Ocean
OCEAN_00166,pH,37.9,PSU,21.8757,67.4972,9.7,2025-11-05T20:42:12.012607,CTD,fair,Arabian Sea
OCEAN_00167,dissolved_oxygen,32.19,PSU,13.5287,84.5896,44.7,2025-10-12T04:09:38.898383,Buoy,good,Bay of Bengal
OCEAN_00168,pH,36.77,PSU,20.9655,86.2705,172.0,2025-09-05T23:45:57.240117,Buoy,good,Bay of Bengal
OCEAN_00169,salinity,34.83,PSU,3.9184,85.1112,193.7,2025-07-31T19:36:10.395294,Ship Survey,good,Indian Ocean
OCEAN_00170,temperature,29.6,°C,21.4338,89.3075,40.8,2025-11-11T06:32:50.027475,Satellite,fair,Bay of Bengal
OCEAN_00171,temperature,23.15,°C,11.6123,84.5249,71.6,2025-11-23T07:51:18.247323,Buoy,good,Bay of Bengal
OCEAN_00172,dissolved_oxygen,32.35,PSU,10.8838,72.2618,12.0,2025-09-16T15:16:50.005903,Satellite,good,Arabian Sea
OCEAN_00173,chlorophyll,31.42,PSU,7.6837,82.0777,134.7,2025-07-11T05:46:12.889283,CTD,fair,Bay of Bengal
OCEAN_00174,salinity,36.73,PSU,10.075,82.5622,165.8,2025-09-11T05:37:03.954017,Ship Survey,fair,Bay of Bengal
OCEAN_00175,salinity,31.99,PSU,15.9572,66.6563,193.3,2025-08-17T15:54:32.641518,Ship Survey,good,Arabian Sea
OCEAN_00176,chlorophyll,33.97,PSU,0.9837,68.9423,190.1,2025-11-23T12:35:52.317528,Satellite,good,Indian Ocean
OCEAN_00177,dissolved_oxygen,32.31,PSU,-2.9684,67.4918,196.7,2025-10-10T09:06:23.159572,Buoy,good,Indian Ocean
OCEAN_00178,pH,33.47,PSU,21.035,71.8455,182.4,2025-11-02T21:03:01.131840,Buoy,good,Arabian Sea
OCEAN_00179,dissolved_oxygen,32.19,PSU,19.0992,85.2692,181.0,2025-10-07T10:44:44.240500,Satellite,good,Bay of Bengal
OCEAN_00180,chlorophyll,37.12,PSU,8.2281,73.8414,106.2,2025-11-10T18:46:50.368247,Buoy,fair,Indian Ocean
OCEAN_00181,chlorophyll,32.4,PSU,23.9736,74.6889,21.8,2025-10-01T11:33:09.090099,Ship Survey,good,Arabian Sea
OCEAN_00182,pH,33.08,PSU,23.6886,70.7787,140.8,2025-06-19T22:22:55.245228,Ship Survey,good,Arabian Sea
OCEAN_00183,pH,35.41,PSU,17.528,65.5626,54.1,2025-07-30T13:49:09.670805,Satellite,good,Arabian Sea
OCEAN_00184,chlorophyll,37.85,PSU,9.2617,69.6903,111.5,2025-08-16T07:50:28.905999,CTD,good,Indian Ocean
OCEAN_00185,chlorophyll,35.19,PSU,3.0399,82.5946,36.8,2025-11-11T13:06:50.138036,Buoy,good,Indian Ocean
OCEAN_00186,pH,32.84,PSU,15.7264,92.4259,108.7,2025-08-26T10:01:17.801814,Satellite,good,Bay of Bengal
OCEAN_00187,salinity,34.78,PSU,18.3164,67.762,80.8,2025-11-22T22:46:19.154901,Ship Survey,good,Arabian Sea
OCEAN_00188,dissolved_oxygen,31.49,PSU,8.3518,71.555,42.5,2025-07-22T16:03:55.415938,Buoy,good,Indian Ocean
OCEAN_00189,pH,30.03,PSU,12.5007,62.7345,161.2,2025-08-08T21:38:37.704203,Buoy,good,Arabian Sea
OCEAN_00190,salinity,35.19,PSU,5.2082,91.8766,49.9,2025-11-10T11:39:27.393437,Satellite,good,Bay of Bengal
OCEAN_00191,chlorophyll,30.12,PSU,-7.7448,77.5372,174.3,2025-07-24T10:44:21.813959,Satellite,good,Indian Ocean
OCEAN_00192,dissolved_oxygen,30.17,PSU,12.7091,91.031,17.3,2025-09-17T08:01:56.252488,Buoy,fair,Bay of Bengal
OCEAN_00193,temperature,21.03,°C,8.7537,82.9863,199.1,2025-08-02T17:43:40.294924,Satellite,good,Bay of Bengal
OCEAN_00194,temperature,22.84,°C,18.1252,67.5156,146.1,2025-07-11T16:24:32.338254,Ship Survey,good,Arabian Sea
OCEAN_00195,dissolved_oxygen,32.02,PSU,6.6331,81.7703,148.7,2025-09-16T15:54:12.835180,CTD,fair,Bay of Bengal
OCEAN_00196,temperature,21.91,°C,13.5397,80.8867,126.9,2025-11-29T12:09:36.362794,Satellite,good,Bay of Bengal
OCEAN_00197,pH,34.75,PSU,17.6073,70.0061,51.8,2025-10-30T19:48:59.259937,Ship Survey,good,Arabian Sea
OCEAN_00198,chlorophyll,36.73,PSU,12.2413,93.322,7.3,2025-07-07T04:34:38.800396,Ship Survey,fair,Bay of Bengal
OCEAN_00199,chlorophyll,32.84,PSU,14.476,91.5345,37.2,2025-11-11T06:58:04.382091,Ship Survey,fair,Bay of Bengal
OCEAN_00200,temperature,30.85,°C,18.46,86.4966,88.7,2025-07-25T16:48:07.254672,Buoy,good,Bay of Bengal
OCEAN_00201,dissolved_oxygen,36.97,PSU,-6.6849,85.0727,50.8,2025-10-13T00:32:56.595271,Ship Survey,good,Indian Ocean
OCEAN_00202,pH,31.91,PSU,22.1942,60.1177,72.6,2025-11-18T19:55:21.516534,CTD,fair,Arabian Sea
OCEAN_00203,temperature,31.94,°C,-5.1991,77.1974,84.0,2025-10-07T21:45:38.293410,Ship Survey,fair,Indian Ocean
OCEAN_00204,temperature,22.01,°C,11.3387,73.6046,76.8,2025-10-16T02:50:46.146721,Buoy,good,Arabian Sea
OCEAN_00205,pH,33.25,PSU,-3.3973,76.9836,173.4,2025-11-29T21:14:32.395122,Satellite,good,Indian Ocean
OCEAN_00206,chlorophyll,33.92,PSU,-0.7446,78.1867,85.3,2025-11-23T20:50:45.248447,Satellite,good,Indian Ocean
OCEAN_00207,chlorophyll,36.18,PSU,11.5295,70.4355,8.0,2025-07-19T21:17:59.439246,CTD,good,Arabian Sea
OCEAN_00208,dissolved_oxygen,37.17,PSU,15.0514,61.4487,81.1,2025-09-27T15:44:56.588567,CTD,good,Arabian Sea
OCEAN_00209,pH,34.81,PSU,14.87,64.0491,36.4,2025-09-16T07:34:33.217689,Buoy,good,Arabian Sea
OCEAN_00210,dissolved_oxygen,32.27,PSU,13.2549,81.289,89.9,2025-11-09T20:39:39.779031,Satellite,good,Bay of Bengal
OCEAN_00211,chlorophyll,31.22,PSU,20.1949,64.6275,13.1,2025-06-09T08:38:20.504893,Buoy,fair,Arabian Sea
OCEAN_00212,chlorophyll,36.82,PSU,16.1079,65.8224,33.1,2025-06-15T20:16:55.216496,Satellite,good,Arabian Sea
OCEAN_00213,temperature,25.55,°C,20.2422,67.1738,196.0,2025-10-02T21:21:23.637684,CTD,fair,Arabian Sea
OCEAN_00214,pH,37.61,PSU,17.308,62.1301,170.2,2025-10-06T13:23:08.674204,Buoy,good,Arabian Sea
OCEAN_00215,salinity,30.57,PSU,19.6929,68.7548,102.3,2025-08-03T21:14:40.484305,Satellite,good,Arabian Sea
OCEAN_00216,salinity,31.82,PSU,20.0822,60.6654,50.4,2025-11-30T22:10:33.873474,CTD,good,Arabian Sea
OCEAN_00217,chlorophyll,33.44,PSU,-9.6953,74.1083,40.4,2025-07-21T02:46:58.720175,Buoy,good,Indian Ocean
OCEAN_00218,salinity,34.47,PSU,13.496,70.5995,178.2,2025-06-26T15:01:04.332429,Satellite,good,Arabian Sea
OCEAN_00219,salinity,31.47,PSU,7.2785,84.9072,123.3,2025-08-05T02:45:37.667311,Satellite,fair,Bay of Bengal
OCEAN_00220,temperature,29.93,°C,16.1704,68.0768,180.3,2025-10-06T11:43:51.500606,Buoy,good,Arabian Sea
OCEAN_00221,chlorophyll,37.02,PSU,2.4577,85.0173,194.7,2025-11-17T11:06:24.642215,CTD,fair,Indian Ocean
OCEAN_00222,pH,37.14,PSU,5.1169,82.534,50.8,2025-07-23T20:53:36.798547,Buoy,good,Bay of Bengal
OCEAN_00223,temperature,21.58,°C,14.6956,61.3565,76.1,2025-10-24T03:09:47.527071,Ship Survey,good,Arabian Sea
OCEAN_00224,chlorophyll,36.59,PSU,20.801,71.6148,74.5,2025-07-02T13:05:22.025370,Buoy,good,Arabian Sea
OCEAN_00225,chlorophyll,35.02,PSU,-6.181,82.0398,79.5,2025-08-15T14:48:16.490704,CTD,fair,Indian Ocean
OCEAN_00226,chlorophyll,37.33,PSU,15.2938,73.7851,21.1,2025-11-10T01:20:14.989210,Buoy,good,Arabian Sea
OCEAN_00227,pH,35.88,PSU,20.3543,72.5631,113.9,2025-12-03T07:13:13.290330,Ship Survey,good,Arabian Sea
OCEAN_00228,chlorophyll,31.78,PSU,17.8936,63.2536,108.3,2025-10-13T03:59:16.559304,Ship Survey,good,Arabian Sea
OCEAN_00229,dissolved_oxygen,33.82,PSU,14.3292,70.7901,134.6,2025-08-16T04:07:39.185801,Satellite,good,Arabian Sea
OCEAN_00230,dissolved_oxygen,33.9,PSU,15.1872,72.964,90.3,2025-10-07T11:22:24.518627,CTD,good,Arabian Sea
OCEAN_00231,dissolved_oxygen,30.48,PSU,-7.8318,76.9868,159.6,2025-09-25T12:55:21.896114,Ship Survey,good,Indian Ocean
OCEAN_00232,dissolved_oxygen,36.88,PSU,-3.4109,82.4297,31.3,2025-07-08T04:55:16.593729,Buoy,fair,Indian Ocean
OCEAN_00233,salinity,30.1,PSU,11.4894,74.7527,136.7,2025-08-08T17:56:40.413478,Ship Survey,good,Arabian Sea
OCEAN_00234,dissolved_oxygen,31.93,PSU,21.4778,89.9208,137.7,2025-06-21T16:39:09.444926,Ship Survey,good,Bay of Bengal
OCEAN_00235,temperature,23.9,°C,9.3244,87.135,133.0,2025-11-09T06:36:07.922655,Buoy,good,Indian Ocean
OCEAN_00236,temperature,20.62,°C,21.7144,73.8671,143.4,2025-07-03T12:21:32.282007,Buoy,good,Arabian Sea
OCEAN_00237,dissolved_oxygen,34.27,PSU,-8.7604,79.0952,96.4,2025-06-20T12:42:01.213926,CTD,good,Indian Ocean
OCEAN_00238,pH,36.99,PSU,11.1107,92.2667,82.4,2025-10-11T04:42:19.250032,Satellite,good,Bay of Bengal
OCEAN_00239,chlorophyll,33.72,PSU,16.6537,61.214,73.4,2025-07-05T15:50:02.597382,Satellite,good,Arabian Sea
OCEAN_00240,chlorophyll,30.77,PSU,-2.0295,80.0403,75.6,2025-09-12T01:21:58.332314,Buoy,fair,Indian Ocean
OCEAN_00241,pH,30.7,PSU,12.0706,81.3311,159.2,2025-07-30T05:03:25.379331,CTD,good,Bay of Bengal
OCEAN_00242,pH,37.37,PSU,9.0863,81.7132,148.1,2025-07-11T11:09:07.847436,Ship Survey,good,Indian Ocean
OCEAN_00243,chlorophyll,33.74,PSU,23.7331,72.7091,7.4,2025-07-10T07:36:07.104124,CTD,good,Arabian Sea
OCEAN_00244,temperature,29.78,°C,9.7714,66.6399,126.5,2025-12-02T22:27:20.935179,Satellite,good,Indian Ocean
OCEAN_00245,chlorophyll,37.19,PSU,9.527,89.4321,176.3,2025-10-06T12:00:50.788538,CTD,good,Bay of Bengal
OCEAN_00246,salinity,31.48,PSU,-9.6279,74.6865,57.6,2025-08-04T15:46:27.693749,Satellite,fair,Indian Ocean
OCEAN_00247,pH,32.92,PSU,-3.8642,76.0487,75.9,2025-10-21T22:16:37.512978,Ship Survey,good,Indian Ocean
OCEAN_00248,temperature,21.11,°C,9.967,88.8269,70.8,2025-08-22T18:22:05.639380,Satellite,good,Bay of Bengal
OCEAN_00249,salinity,34.73,PSU,-4.1169,68.2033,140.1,2025-09-29T22:28:04.992498,Satellite,fair,Indian Ocean
OCEAN_00250,pH,35.76,PSU,10.5845,91.9792,104.4,2025-07-03T12:59:31.044827,Satellite,fair,Bay of Bengal
OCEAN_00251,pH,33.55,PSU,19.5936,86.3438,94.2,2025-09-04T22:57:06.518593,Buoy,good,Bay of Bengal
OCEAN_00252,salinity,32.56,PSU,21.1524,88.4855,67.1,2025-09-26T02:33:47.312385,Buoy,good,Bay of Bengal
OCEAN_00253,chlorophyll,32.07,PSU,18.7026,65.5667,135.8,2025-11-16T18:01:08.669300,Buoy,good,Arabian Sea
OCEAN_00254,temperature,29.5,°C,20.8207,61.7259,128.4,2025-10-07T13:50:08.319232,CTD,good,Arabian Sea
OCEAN_00255,temperature,26.46,°C,-2.6801,74.4684,147.5,2025-07-16T07:55:08.566128,Buoy,good,Indian Ocean
OCEAN_00256,salinity,36.98,PSU,18.46,64.4061,36.0,2025-06-21T18:03:31.170459,Ship Survey,good,Arabian Sea
OCEAN_00257,dissolved_oxygen,31.54,PSU,14.4703,67.9435,24.5,2025-08-16T02:35:09.759489,Ship Survey,good,Arabian Sea
OCEAN_00258,dissolved_oxygen,37.87,PSU,-6.5729,86.3648,28.1,2025-10-13T08:37:29.532441,Buoy,good,Indian Ocean
OCEAN_00259,chlorophyll,30.52,PSU,8.78,94.5624,132.8,2025-10-27T05:28:55.806272,Ship Survey,good,Bay of Bengal
OCEAN_00260,pH,35.91,PSU,13.9922,64.8171,184.2,2025-09-03T02:22:26.985473,Buoy,good,Arabian Sea
OCEAN_00261,dissolved_oxygen,37.09,PSU,7.3889,74.7534,85.0,2025-10-14T02:29:21.318278,Buoy,good,Indian Ocean
OCEAN_00262,pH,33.78,PSU,15.2711,91.4646,5.2,2025-07-12T16:35:04.012787,Satellite,good,Bay of Bengal
OCEAN_00263,chlorophyll,36.75,PSU,17.1452,74.8498,41.4,2025-10-30T19:51:10.164400,Ship Survey,fair,Arabian Sea
OCEAN_00264,salinity,36.67,PSU,5.9548,81.6187,195.5,2025-06-11T12:04:27.815678,Ship Survey,good,Bay of Bengal
OCEAN_00265,chlorophyll,33.97,PSU,7.3482,82.5852,34.2,2025-07-26T08:14:17.763932,Buoy,fair,Bay of Bengal
OCEAN_00266,dissolved_oxygen,30.47,PSU,17.9903,60.0169,34.7,2025-11-06T23:14:01.257894,Buoy,good,Arabian Sea
OCEAN_00267,salinity,31.66,PSU,20.2312,74.6729,50.6,2025-09-26T16:37:58.073412,CTD,good,Arabian Sea
OCEAN_00268,temperature,20.26,°C,10.4231,86.4956,65.5,2025-10-20T06:03:25.965630,CTD,good,Bay of Bengal
OCEAN_00269,dissolved_oxygen,36.55,PSU,-7.625,81.8103,124.0,2025-06-26T18:40:33.645627,Ship Survey,good,Indian Ocean
OCEAN_00270,chlorophyll,30.66,PSU,17.4018,83.7358,151.3,2025-09-04T06:25:38.181087,Buoy,good,Bay of Bengal
OCEAN_00271,temperature,29.46,°C,15.111,86.3999,93.5,2025-11-21T22:38:26.388426,Ship Survey,good,Bay of Bengal
OCEAN_00272,salinity,31.73,PSU,14.8347,71.073,24.0,2025-06-29T09:11:45.758419,Buoy,good,Arabian Sea
OCEAN_00273,pH,31.81,PSU,7.5198,87.6216,13.9,2025-10-01T08:04:37.652807,Satellite,good,Bay of Bengal
OCEAN_00274,dissolved_oxygen,34.25,PSU,17.605,90.1784,20.3,2025-06-17T12:40:01.634624,Satellite,fair,Bay of Bengal
OCEAN_00275,chlorophyll,35.45,PSU,3.8546,65.1538,162.7,2025-10-04T12:38:06.437466,Ship Survey,good,Indian Ocean
OCEAN_00276,salinity,36.76,PSU,18.2371,80.3468,182.0,2025-11-29T03:43:09.358088,Ship Survey,good,Bay of Bengal
OCEAN_00277,pH,35.76,PSU,21.6943,60.4803,118.8,2025-11-19T18:37:32.278562,CTD,fair,Arabian Sea
OCEAN_00278,pH,35.9,PSU,4.6531,86.5193,76.9,2025-07-18T04:55:27.810450,Ship Survey,good,Indian Ocean
OCEAN_00279,salinity,31.12,PSU,0.9975,83.2076,14.0,2025-09-19T09:26:33.860254,Buoy,good,Indian Ocean
OCEAN_00280,salinity,31.76,PSU,-4.9352,68.8302,53.9,2025-09-27T11:07:12.132392,Ship Survey,good,Indian Ocean
OCEAN_00281,salinity,33.67,PSU,6.6875,89.206,90.2,2025-07-01T17:28:33.598182,Satellite,good,Bay of Bengal
OCEAN_00282,pH,36.31,PSU,1.4203,88.5767,151.5,2025-10-26T08:46:59.229835,Satellite,good,Indian Ocean
OCEAN_00283,chlorophyll,36.96,PSU,21.8849,73.8524,60.9,2025-10-06T23:13:31.527473,Ship Survey,good,Arabian Sea
OCEAN_00284,pH,32.61,PSU,1.9014,83.5416,198.6,2025-10-03T08:27:27.361775,Ship Survey,good,Indian Ocean
OCEAN_00285,pH,31.97,PSU,15.2547,66.9568,129.2,2025-09-14T07:39:24.891353,Satellite,fair,Arabian Sea
OCEAN_00286,salinity,33.3,PSU,9.0679,68.6271,88.2,2025-10-06T02:40:22.744669,Buoy,good,Indian Ocean
OCEAN_00287,pH,34.84,PSU,5.8467,74.2745,149.9,2025-07-25T01:35:34.179288,CTD,good,Indian Ocean
OCEAN_00288,temperature,23.97,°C,11.1984,81.0582,20.8,2025-11-16T09:01:03.935085,Buoy,fair,Bay of Bengal
OCEAN_00289,temperature,25.58,°C,8.6908,87.9,138.7,2025-09-26T02:42:49.517973,Satellite,good,Bay of Bengal
OCEAN_00290,pH,37.16,PSU,22.639,72.9934,55.4,2025-06-30T00:11:34.176318,Ship Survey,good,Arabian Sea
OCEAN_00291,chlorophyll,36.72,PSU,16.3014,68.2842,106.3,2025-11-28T01:54:45.187205,Buoy,fair,Arabian Sea
OCEAN_00292,salinity,34.07,PSU,18.8569,92.9944,31.9,2025-10-31T15:19:10.947541,Buoy,fair,Bay of Bengal
OCEAN_00293,pH,31.1,PSU,16.0136,70.4945,192.2,2025-07-28T00:50:40.996574,Buoy,good,Arabian Sea
OCEAN_00294,salinity,37.05,PSU,-8.9119,83.8974,73.2,2025-09-09T10:39:42.142760,Satellite,fair,Indian Ocean
OCEAN_00295,pH,34.51,PSU,-8.8144,79.8397,82.3,2025-10-27T09:06:33.363285,Ship Survey,good,Indian Ocean
OCEAN_00296,dissolved_oxygen,34.08,PSU,6.8141,71.297,76.4,2025-11-05T07:05:55.568935,CTD,fair,Indian Ocean
OCEAN_00297,chlorophyll,32.01,PSU,15.5117,82.3961,145.5,2025-10-05T05:34:07.963997,Buoy,good,Bay of Bengal
OCEAN_00298,salinity,30.13,PSU,-9.5797,67.0447,144.3,2025-07-03T08:15:15.298310,Satellite,good,Indian Ocean
OCEAN_00299,dissolved_oxygen,37.06,PSU,7.7295,68.4025,172.4,2025-08-24T20:47:23.732504,CTD,good,Indian Ocean
OCEAN_00300,pH,35.5,PSU,20.8106,71.6516,67.4,2025-10-12T09:26:51.219507,CTD,good,Arabian Sea
OCEAN_00301,dissolved_oxygen,30.17,PSU,12.3139,61.3191,23.0,2025-11-27T04:23:19.487302,CTD,good,Arabian Sea
OCEAN_00302,chlorophyll,37.23,PSU,22.2871,66.6305,7.6,2025-11-21T22:06:53.783860,Satellite,fair,Arabian Sea
OCEAN_00303,temperature,24.98,°C,20.0911,94.4452,184.4,2025-11-02T08:14:12.550591,Satellite,fair,Bay of Bengal
OCEAN_00304,temperature,30.55,°C,6.0863,81.8251,117.2,2025-07-17T08:59:02.668631,Ship Survey,fair,Bay of Bengal
OCEAN_00305,salinity,33.02,PSU,-1.6003,68.486,15.2,2025-09-27T13:51:17.820938,Ship Survey,good,Indian Ocean
OCEAN_00306,temperature,20.29,°C,13.9879,85.9265,49.1,2025-06-18T19:40:17.352811,CTD,fair,Bay of Bengal
OCEAN_00307,temperature,29.13,°C,15.5067,91.202,175.4,2025-12-03T09:37:05.937397,Ship Survey,good,Bay of Bengal
OCEAN_00308,salinity,35.23,PSU,-5.7282,86.2105,50.3,2025-06-27T11:29:55.993486,Buoy,good,Indian Ocean
OCEAN_00309,chlorophyll,35.6,PSU,22.2451,70.7813,168.6,2025-06-15T17:40:26.426899,Ship Survey,good,Arabian Sea
OCEAN_00310,temperature,27.54,°C,-8.4976,78.1442,107.9,2025-09-03T20:28:43.750771,CTD,good,Indian Ocean
OCEAN_00311,chlorophyll,34.61,PSU,-2.6016,84.4909,181.2,2025-11-30T21:02:10.005278,CTD,fair,Indian Ocean
OCEAN_00312,temperature,21.88,°C,21.4433,93.8716,77.2,2025-11-08T17:23:49.718473,Buoy,good,Bay of Bengal
OCEAN_00313,chlorophyll,31.81,PSU,21.0372,63.2634,63.4,2025-07-08T15:03:56.396850,Satellite,good,Arabian Sea
OCEAN_00314,salinity,33.57,PSU,23.8414,62.8102,66.8,2025-08-19T07:25:50.243078,Buoy,good,Arabian Sea
OCEAN_00315,chlorophyll,30.62,PSU,0.2481,87.6714,93.2,2025-08-01T17:38:12.196023,Ship Survey,good,Indian Ocean
OCEAN_00316,chlorophyll,35.97,PSU,-6.2771,89.4493,2.4,2025-10-20T17:32:25.357495,Satellite,good,Indian Ocean
OCEAN_00317,dissolved_oxygen,35.17,PSU,18.3718,72.102,136.1,2025-10-02T10:01:39.110908,Satellite,fair,Arabian Sea
OCEAN_00318,temperature,27.4,°C,2.7858,72.3858,90.5,2025-11-18T15:49:15.484902,Ship Survey,fair,Indian Ocean
OCEAN_00319,dissolved_oxygen,36.3,PSU,13.5666,71.6885,151.9,2025-11-26T11:55:47.911945,Satellite,good,Arabian Sea
OCEAN_00320,chlorophyll,36.87,PSU,10.6101,62.2696,70.8,2025-11-04T08:42:27.278558,Buoy,good,Arabian Sea
OCEAN_00321,temperature,22.46,°C,22.6796,63.2863,109.5,2025-08-28T13:06:42.861221,CTD,good,Arabian Sea
OCEAN_00322,pH,34.94,PSU,16.1804,69.8255,90.7,2025-06-19T12:10:55.865612,CTD,good,Arabian Sea
OCEAN_00323,chlorophyll,35.66,PSU,4.1362,70.9373,172.2,2025-06-25T11:52:22.624627,Buoy,fair,Indian Ocean
OCEAN_00324,temperature,27.95,°C,19.6126,65.4769,85.3,2025-06-21T16:05:03.861816,Ship Survey,good,Arabian Sea
OCEAN_00325,salinity,32.19,PSU,22.3462,70.0578,170.2,2025-10-26T15:14:23.419767,Buoy,good,Arabian Sea
OCEAN_00326,temperature,28.4,°C,15.7478,74.2849,42.5,2025-11-21T18:25:27.559916,Buoy,fair,Arabian Sea
OCEAN_00327,chlorophyll,33.63,PSU,13.7843,90.8406,7.3,2025-09-26T03:54:02.747099,CTD,good,Bay of Bengal
OCEAN_00328,pH,31.41,PSU,17.9249,85.743,66.6,2025-08-24T07:03:01.754413,Buoy,good,Bay of Bengal
OCEAN_00329,dissolved_oxygen,37.87,PSU,10.2336,70.3157,102.4,2025-08-03T15:16:20.552992,Ship Survey,good,Arabian Sea
OCEAN_00330,dissolved_oxygen,37.15,PSU,13.8146,74.9505,182.2,2025-09-24T23:05:41.297231,Satellite,good,Arabian Sea
OCEAN_00331,temperature,30.33,°C,9.4923,93.4912,162.8,2025-08-02T04:43:31.330654,CTD,good,Bay of Bengal
OCEAN_00332,chlorophyll,34.77,PSU,13.2103,80.0232,96.1,2025-06-17T14:52:45.661813,Buoy,good,Bay of Bengal
OCEAN_00333,salinity,37.54,PSU,12.7458,65.8443,46.3,2025-06-16T06:02:34.205914,Ship Survey,good,Arabian Sea
OCEAN_00334,salinity,34.58,PSU,10.1447,62.212,74.9,2025-08-16T15:41:59.239439,Satellite,good,Arabian Sea
OCEAN_00335,dissolved_oxygen,34.61,PSU,22.8166,68.309,138.1,2025-06-21T01:39:58.775479,Ship Survey,fair,Arabian Sea
OCEAN_00336,pH,32.92,PSU,-0.7527,79.4427,67.9,2025-07-11T07:22:14.292987,CTD,good,Indian Ocean
OCEAN_00337,dissolved_oxygen,35.81,PSU,-6.6643,77.8158,30.8,2025-09-28T08:11:52.281288,Buoy,good,Indian Ocean
OCEAN_00338,chlorophyll,31.18,PSU,23.8488,64.0283,143.7,2025-10-25T15:29:44.731230,Ship Survey,good,Arabian Sea
OCEAN_00339,pH,37.82,PSU,6.5344,88.5632,113.9,2025-09-27T07:06:48.851873,Buoy,good,Bay of Bengal
OCEAN_00340,salinity,34.05,PSU,14.5629,74.2713,195.4,2025-07-16T01:16:57.909318,Ship Survey,good,Arabian Sea
OCEAN_00341,chlorophyll,32.53,PSU,11.4295,83.1633,194.5,2025-06-12T01:50:56.053916,Satellite,good,Bay of Bengal
OCEAN_00342,salinity,36.5,PSU,-9.6864,71.6421,158.8,2025-06-21T19:12:41.623383,Buoy,good,Indian Ocean
OCEAN_00343,temperature,20.3,°C,8.7685,73.4097,174.5,2025-09-20T14:09:08.036257,Buoy,good,Indian Ocean
OCEAN_00344,dissolved_oxygen,37.93,PSU,19.7947,91.4995,178.0,2025-08-14T10:57:38.535203,Ship Survey,good,Bay of Bengal
OCEAN_00345,salinity,31.79,PSU,-3.4361,70.9835,115.8,2025-08-26T23:06:01.078829,Satellite,good,Indian Ocean
OCEAN_00346,chlorophyll,35.68,PSU,6.7867,80.5697,157.7,2025-11-27T10:47:15.047119,CTD,fair,Bay of Bengal
OCEAN_00347,dissolved_oxygen,37.25,PSU,22.9741,69.1896,125.4,2025-09-25T06:00:05.105461,Ship Survey,good,Arabian Sea
OCEAN_00348,salinity,34.57,PSU,-6.0921,76.2313,160.5,2025-10-28T13:36:57.430761,Satellite,good,Indian Ocean
OCEAN_00349,temperature,26.92,°C,14.5387,81.5475,43.5,2025-11-28T18:06:15.094399,Satellite,good,Bay of Bengal
OCEAN_00350,pH,37.66,PSU,23.4532,73.9887,183.8,2025-06-25T13:54:20.376682,Satellite,good,Arabian Sea
OCEAN_00351,chlorophyll,35.36,PSU,9.3486,65.5874,13.1,2025-09-10T07:42:22.867408,Satellite,good,Indian Ocean
OCEAN_00352,chlorophyll,34.31,PSU,12.2857,69.4469,6.4,2025-09-26T16:29:38.797730,Buoy,fair,Arabian Sea
OCEAN_00353,chlorophyll,31.15,PSU,18.7343,92.9301,138.1,2025-09-26T22:09:53.257712,CTD,good,Bay of Bengal
OCEAN_00354,dissolved_oxygen,33.99,PSU,21.4125,82.8354,153.1,2025-09-08T15:44:33.470696,Ship Survey,fair,Bay of Bengal
OCEAN_00355,dissolved_oxygen,32.05,PSU,10.7959,64.3136,57.7,2025-09-17T00:49:08.829597,Buoy,good,Arabian Sea
OCEAN_00356,pH,32.37,PSU,17.4086,61.2958,73.8,2025-07-19T06:20:35.344625,Satellite,fair,Arabian Sea
OCEAN_00357,chlorophyll,33.9,PSU,-5.105,66.0388,172.6,2025-06-08T16:03:18.546900,Satellite,good,Indian Ocean
OCEAN_00358,chlorophyll,36.72,PSU,9.2221,67.3748,117.0,2025-09-08T13:00:25.930962,Buoy,fair,Indian Ocean
OCEAN_00359,chlorophyll,35.13,PSU,8.3423,86.0078,141.4,2025-08-20T00:04:59.351053,Ship Survey,good,Indian Ocean
OCEAN_00360,salinity,34.95,PSU,17.292,85.4577,146.1,2025-07-21T17:04:37.557757,Buoy,good,Bay of Bengal
OCEAN_00361,temperature,27.87,°C,-9.0997,74.5025,24.1,2025-07-27T22:43:29.027360,Satellite,fair,Indian Ocean
OCEAN_00362,salinity,36.62,PSU,12.125,73.181,174.1,2025-08-19T04:03:59.010016,Satellite,good,Arabian Sea
OCEAN_00363,pH,34.62,PSU,17.4027,88.5384,30.6,2025-08-01T16:54:30.442377,Buoy,good,Bay of Bengal
OCEAN_00364,temperature,30.88,°C,-7.8923,75.6456,124.0,2025-09-24T05:44:01.788685,CTD,good,Indian Ocean
OCEAN_00365,chlorophyll,37.76,PSU,17.9185,91.9463,184.7,2025-10-01T04:07:53.418010,Buoy,fair,Bay of Bengal
OCEAN_00366,salinity,35.12,PSU,16.5302,64.4596,181.3,2025-09-03T21:13:49.327611,Ship Survey,good,Arabian Sea
OCEAN_00367,dissolved_oxygen,35.95,PSU,6.0181,85.3309,151.4,2025-07-22T21:44:32.847895,Buoy,good,Indian Ocean
OCEAN_00368,pH,30.88,PSU,12.0517,70.4605,69.4,2025-12-03T03:37:57.484460,CTD,good,Arabian Sea
OCEAN_00369,salinity,33.49,PSU,21.2898,69.1304,185.7,2025-08-20T23:28:34.835010,Satellite,good,Arabian Sea
OCEAN_00370,chlorophyll,33.36,PSU,8.7668,90.2708,170.0,2025-10-17T16:09:36.837231,Ship Survey,good,Bay of Bengal
OCEAN_00371,pH,31.68,PSU,21.969,93.7453,199.2,2025-07-04T19:19:07.277283,Ship Survey,good,Bay of Bengal
OCEAN_00372,salinity,31.65,PSU,10.6194,93.0375,21.6,2025-08-06T06:27:09.674246,Ship Survey,good,Bay of Bengal
OCEAN_00373,salinity,31.25,PSU,-3.1756,74.5203,34.4,2025-07-07T03:01:35.413373,Buoy,good,Indian Ocean
OCEAN_00374,temperature,24.0,°C,-5.158,77.7069,119.3,2025-11-06T05:58:40.447892,Buoy,good,Indian Ocean
OCEAN_00375,dissolved_oxygen,34.37,PSU,18.9778,65.9725,91.3,2025-12-03T18:56:50.135829,Satellite,good,Arabian Sea
OCEAN_00376,chlorophyll,36.81,PSU,16.6459,87.6121,135.4,2025-11-06T04:55:46.404528,CTD,good,Bay of Bengal
OCEAN_00377,salinity,33.86,PSU,0.3772,84.723,83.1,2025-08-26T09:34:16.297514,Ship Survey,fair,Indian Ocean
OCEAN_00378,dissolved_oxygen,32.21,PSU,19.8598,89.0369,39.9,2025-12-02T16:54:46.415410,Buoy,good,Bay of Bengal
OCEAN_00379,dissolved_oxygen,33.36,PSU,-7.8702,65.2986,199.8,2025-07-08T06:05:49.551457,CTD,good,Indian Ocean
OCEAN_00380,salinity,34.71,PSU,18.2289,69.4295,29.6,2025-07-18T02:55:44.263489,Satellite,good,Arabian Sea
OCEAN_00381,salinity,37.9,PSU,20.878,86.6448,63.8,2025-06-18T08:37:27.889645,Buoy,fair,Bay of Bengal
OCEAN_00382,dissolved_oxygen,35.64,PSU,21.25,86.734,25.1,2025-11-07T10:30:34.228836,Ship Survey,good,Bay of Bengal
OCEAN_00383,pH,32.65,PSU,2.7174,78.4246,18.2,2025-07-05T04:55:28.923775,Ship Survey,good,Indian Ocean
OCEAN_00384,temperature,25.34,°C,15.0234,88.9334,107.0,2025-06-21T14:30:16.916188,Satellite,fair,Bay of Bengal
OCEAN_00385,temperature,26.39,°C,22.1014,67.1713,75.8,2025-11-02T19:30:35.538773,Satellite,good,Arabian Sea
OCEAN_00386,pH,32.92,PSU,5.1634,86.3921,104.8,2025-10-02T20:51:52.155600,Ship Survey,good,Indian Ocean
OCEAN_00387,salinity,33.73,PSU,0.7887,76.3942,68.7,2025-06-26T03:41:39.740439,Satellite,fair,Indian Ocean
OCEAN_00388,temperature,31.46,°C,-1.182,88.5741,1.7,2025-09-06T05:57:39.333948,Ship Survey,good,Indian Ocean
OCEAN_00389,temperature,24.21,°C,14.2964,62.704,103.7,2025-07-29T13:05:54.225999,Ship Survey,good,Arabian Sea
OCEAN_00390,dissolved_oxygen,30.72,PSU,7.7451,92.0919,105.8,2025-09-08T10:49:22.356026,Buoy,good,Bay of Bengal
OCEAN_00391,chlorophyll,33.84,PSU,5.219,74.9905,168.9,2025-10-25T14:02:09.214956,Satellite,good,Indian Ocean
OCEAN_00392,dissolved_oxygen,34.4,PSU,17.6551,69.1334,107.8,2025-10-28T06:27:06.134067,Buoy,good,Arabian Sea
OCEAN_00393,pH,32.59,PSU,14.3066,91.3957,77.9,2025-09-08T17:47:06.557955,Satellite,good,Bay of Bengal
OCEAN_00394,chlorophyll,30.76,PSU,10.3606,87.2245,35.1,2025-07-24T15:39:00.682494,Buoy,good,Bay of Bengal
OCEAN_00395,salinity,33.65,PSU,2.5226,77.1749,109.0,2025-10-29T01:29:50.782776,CTD,good,Indian Ocean
OCEAN_00396,chlorophyll,34.82,PSU,20.1998,72.9678,64.9,2025-12-01T03:26:28.937455,Buoy,good,Arabian Sea
OCEAN_00397,dissolved_oxygen,31.02,PSU,16.9271,66.3343,156.2,2025-11-01T18:44:23.597245,CTD,good,Arabian Sea
OCEAN_00398,pH,33.33,PSU,-0.7366,73.5297,98.6,2025-08-10T13:07:32.729787,CTD,good,Indian Ocean
OCEAN_00399,chlorophyll,36.16,PSU,8.0685,88.9138,64.9,2025-08-14T08:53:41.926621,CTD,good,Bay of Bengal
OCEAN_00400,dissolved_oxygen,30.46,PSU,-9.99,82.3038,38.3,2025-10-24T16:54:24.188129,CTD,good,Indian Ocean
OCEAN_00401,dissolved_oxygen,31.77,PSU,18.5611,84.1123,59.2,2025-07-25T19:13:00.904973,Ship Survey,good,Bay of Bengal
OCEAN_00402,pH,33.98,PSU,23.0214,69.6963,144.4,2025-09-12T22:14:18.142218,Ship Survey,good,Arabian Sea
OCEAN_00403,chlorophyll,36.87,PSU,14.3951,89.0172,20.8,2025-07-02T16:38:10.828338,CTD,good,Bay of Bengal
OCEAN_00404,chlorophyll,36.94,PSU,10.7059,93.0096,76.6,2025-07-28T15:51:00.189206,Satellite,fair,Bay of Bengal
OCEAN_00405,chlorophyll,34.58,PSU,6.5969,90.5329,53.8,2025-07-02T04:22:57.076513,Satellite,good,Bay of Bengal
OCEAN_00406,chlorophyll,33.09,PSU,20.1479,92.2532,10.6,2025-09-10T15:28:55.105467,Satellite,good,Bay of Bengal
OCEAN_00407,temperature,25.38,°C,13.1012,80.6876,7.8,2025-11-04T11:07:21.504180,CTD,good,Bay of Bengal
OCEAN_00408,temperature,21.22,°C,13.4056,94.1663,16.2,2025-12-04T12:26:51.320656,Ship Survey,good,Bay of Bengal
OCEAN_00409,dissolved_oxygen,33.56,PSU,-7.7051,74.6255,18.1,2025-11-05T13:13:54.233348,CTD,good,Indian Ocean
OCEAN_00410,salinity,30.87,PSU,16.8415,89.6396,42.3,2025-09-16T07:53:24.002958,Satellite,fair,Bay of Bengal
OCEAN_00411,temperature,31.74,°C,17.634,64.1159,146.3,2025-06-13T09:48:17.175235,Buoy,good,Arabian Sea
OCEAN_00412,chlorophyll,37.52,PSU,-6.6414,68.894,130.3,2025-09-01T23:17:26.730958,Satellite,fair,Indian Ocean
OCEAN_00413,dissolved_oxygen,36.14,PSU,-2.8952,86.4928,187.3,2025-11-08T15:25:04.858575,CTD,good,Indian Ocean
OCEAN_00414,chlorophyll,30.77,PSU,19.0239,87.8419,67.6,2025-10-30T09:12:33.505938,Satellite,good,Bay of Bengal
OCEAN_00415,dissolved_oxygen,32.79,PSU,20.4803,64.5189,163.0,2025-11-20T18:40:58.583801,CTD,good,Arabian Sea
OCEAN_00416,salinity,30.99,PSU,7.4813,86.7063,177.8,2025-09-01T13:37:06.927233,Ship Survey,good,Bay of Bengal
OCEAN_00417,chlorophyll,33.55,PSU,10.6569,62.9916,173.0,2025-10-12T14:03:32.393870,Ship Survey,fair,Arabian Sea
OCEAN_00418,pH,37.12,PSU,-5.0123,70.4463,149.3,2025-09-26T15:47:59.545496,Buoy,good,Indian Ocean
OCEAN_00419,chlorophyll,34.0,PSU,19.1104,88.6817,105.0,2025-09-27T09:21:14.644075,Buoy,good,Bay of Bengal
OCEAN_00420,salinity,33.8,PSU,23.0244,66.5855,20.9,2025-10-30T21:50:14.655242,CTD,good,Arabian Sea
OCEAN_00421,salinity,33.22,PSU,17.2559,70.8622,167.8,2025-08-27T16:20:29.435747,Ship Survey,good,Arabian Sea
OCEAN_00422,temperature,30.18,°C,9.1534,88.7292,159.0,2025-07-19T09:22:50.110992,Buoy,good,Indian Ocean
OCEAN_00423,chlorophyll,31.48,PSU,-3.859,74.7626,144.5,2025-07-20T19:23:46.894991,Satellite,good,Indian Ocean
OCEAN_00424,temperature,27.94,°C,10.8149,64.92,103.1,2025-11-03T23:53:41.961514,CTD,good,Arabian Sea
OCEAN_00425,temperature,28.69,°C,3.828,86.553,50.1,2025-10-24T00:50:29.986840,CTD,good,Indian Ocean
OCEAN_00426,pH,37.79,PSU,20.9986,63.2845,45.7,2025-08-20T15:40:48.187138,Satellite,fair,Arabian Sea
OCEAN_00427,temperature,23.46,°C,7.0452,65.9919,64.0,2025-09-29T16:09:43.529677,Ship Survey,good,Indian Ocean
OCEAN_00428,dissolved_oxygen,33.91,PSU,13.9461,69.5153,166.6,2025-07-06T23:20:19.934614,CTD,fair,Arabian Sea
OCEAN_00429,dissolved_oxygen,34.81,PSU,14.956,70.9855,131.7,2025-11-01T21:10:33.069084,Buoy,good,Arabian Sea
OCEAN_00430,salinity,32.29,PSU,7.4453,87.0149,186.6,2025-10-14T22:28:30.119811,Buoy,fair,Bay of Bengal
OCEAN_00431,dissolved_oxygen,31.91,PSU,17.0264,93.0569,10.5,2025-11-23T19:33:46.640260,Ship Survey,good,Bay of Bengal
OCEAN_00432,chlorophyll,33.65,PSU,12.2995,91.84,190.7,2025-11-18T08:30:59.796521,Satellite,good,Bay of Bengal
OCEAN_00433,pH,32.17,PSU,2.8949,70.8794,66.0,2025-06-23T14:37:01.718486,Ship Survey,good,Indian Ocean
OCEAN_00434,salinity,30.86,PSU,22.7979,69.3218,33.6,2025-09-08T05:13:21.358683,Ship Survey,good,Arabian Sea
OCEAN_00435,dissolved_oxygen,33.11,PSU,14.5558,64.869,3.5,2025-09-26T20:16:36.098531,Satellite,good,Arabian Sea
OCEAN_00436,temperature,28.03,°C,12.0066,73.0989,132.0,2025-10-25T20:27:03.809641,Satellite,good,Arabian Sea
OCEAN_00437,chlorophyll,33.97,PSU,13.3156,93.2534,157.5,2025-08-16T05:53:19.039602,Buoy,good,Bay of Bengal
OCEAN_00438,dissolved_oxygen,34.05,PSU,16.2108,60.084,140.8,2025-11-18T15:02:54.291975,CTD,good,Arabian Sea
OCEAN_00439,salinity,32.57,PSU,12.214,68.3961,128.5,2025-07-08T01:52:13.265245,Satellite,fair,Arabian Sea
OCEAN_00440,chlorophyll,33.62,PSU,19.9193,80.9463,158.7,2025-07-08T08:04:47.702977,CTD,good,Bay of Bengal
OCEAN_00441,salinity,37.28,PSU,13.3381,63.8724,182.0,2025-07-23T04:14:25.824417,Satellite,good,Arabian Sea
OCEAN_00442,dissolved_oxygen,31.3,PSU,10.0451,71.2009,51.3,2025-09-01T13:08:21.526433,Ship Survey,good,Arabian Sea
OCEAN_00443,dissolved_oxygen,31.07,PSU,8.91,74.4757,20.6,2025-12-03T10:17:56.380738,Satellite,good,Indian Ocean
OCEAN_00444,temperature,24.63,°C,3.8707,71.3165,61.8,2025-08-07T08:03:08.815935,Ship Survey,good,Indian Ocean
OCEAN_00445,chlorophyll,35.04,PSU,-2.7892,81.0769,53.0,2025-07-10T09:23:13.339056,Buoy,good,Indian Ocean
OCEAN_00446,dissolved_oxygen,37.76,PSU,-3.1215,78.6805,30.3,2025-10-09T14:31:46.157234,Satellite,good,Indian Ocean
OCEAN_00447,dissolved_oxygen,31.72,PSU,13.0503,61.1412,92.6,2025-11-15T04:08:10.270970,Satellite,good,Arabian Sea
OCEAN_00448,pH,32.87,PSU,18.3521,84.6834,95.1,2025-08-27T03:03:21.686207,Buoy,good,Bay of Bengal
OCEAN_00449,temperature,26.38,°C,5.121,84.7938,95.2,2025-07-11T16:27:05.894334,Satellite,good,Bay of Bengal
OCEAN_00450,dissolved_oxygen,30.67,PSU,2.9695,73.1662,85.2,2025-08-13T10:09:07.262749,Satellite,good,Indian Ocean
OCEAN_00451,salinity,36.49,PSU,17.7437,70.6542,91.9,2025-06-19T08:22:35.075042,Satellite,good,Arabian Sea
OCEAN_00452,pH,34.59,PSU,10.456,94.2899,125.6,2025-06-24T06:39:55.962819,Buoy,good,Bay of Bengal
OCEAN_00453,pH,30.6,PSU,14.9289,90.1597,123.9,2025-09-19T11:03:14.807484,Ship Survey,good,Bay of Bengal
OCEAN_00454,salinity,31.18,PSU,1.0573,69.9418,150.4,2025-12-02T15:34:32.865979,Satellite,fair,Indian Ocean
OCEAN_00455,pH,37.06,PSU,-1.4048,66.3666,64.1,2025-08-03T17:55:10.699265,CTD,good,Indian Ocean
OCEAN_00456,pH,33.92,PSU,10.5634,60.7478,53.2,2025-09-06T21:28:12.376593,Ship Survey,good,Arabian Sea
OCEAN_00457,chlorophyll,34.99,PSU,-9.5479,68.7614,6.2,2025-07-14T22:56:02.992053,CTD,good,Indian Ocean
OCEAN_00458,salinity,34.19,PSU,17.9562,80.6373,69.3,2025-08-01T11:39:33.879090,Satellite,good,Bay of Bengal
OCEAN_00459,dissolved_oxygen,34.91,PSU,20.5639,68.5732,36.7,2025-08-12T06:25:04.904569,Satellite,good,Arabian Sea
OCEAN_00460,chlorophyll,34.91,PSU,-9.3118,67.5158,49.2,2025-10-26T17:54:31.259475,Satellite,good,Indian Ocean
OCEAN_00461,salinity,36.75,PSU,-8.1135,67.7198,26.2,2025-08-26T19:10:51.185689,Buoy,good,Indian Ocean
OCEAN_00462,temperature,30.42,°C,13.884,71.0384,75.3,2025-07-23T14:59:41.267183,Ship Survey,good,Arabian Sea
OCEAN_00463,temperature,31.12,°C,21.2698,82.208,8.9,2025-08-27T10:16:54.619011,Buoy,good,Bay of Bengal
OCEAN_00464,chlorophyll,37.47,PSU,15.3481,93.9772,105.1,2025-10-03T23:05:41.829508,Satellite,good,Bay of Bengal
OCEAN_00465,dissolved_oxygen,34.8,PSU,13.9864,74.1205,95.9,2025-11-16T11:04:44.814002,Satellite,fair,Arabian Sea
OCEAN_00466,pH,31.64,PSU,0.3591,82.5289,184.7,2025-06-17T01:33:46.247226,Buoy,good,Indian Ocean
OCEAN_00467,dissolved_oxygen,36.05,PSU,9.0433,86.5981,70.2,2025-09-15T18:14:20.903407,Buoy,fair,Bay of Bengal
OCEAN_00468,salinity,32.65,PSU,-4.5658,86.1592,155.5,2025-11-03T17:20:49.641036,Buoy,good,Indian Ocean
OCEAN_00469,dissolved_oxygen,33.44,PSU,1.3749,69.784,92.6,2025-06-30T12:24:14.870179,Buoy,good,Indian Ocean
OCEAN_00470,pH,30.7,PSU,3.539,77.6944,26.1,2025-10-22T12:13:35.422583,Satellite,good,Indian Ocean
OCEAN_00471,dissolved_oxygen,36.04,PSU,15.2874,81.5203,175.8,2025-11-03T11:25:23.341390,Ship Survey,fair,Bay of Bengal
OCEAN_00472,pH,32.04,PSU,4.3981,71.7693,166.2,2025-08-04T10:20:28.051868,Satellite,good,Indian Ocean
OCEAN_00473,temperature,24.89,°C,14.4649,82.3381,66.1,2025-10-11T03:53:52.695598,Ship Survey,good,Bay of Bengal
OCEAN_00474,temperature,25.37,°C,11.8661,71.1781,141.8,2025-10-30T16:31:40.162662,Ship Survey,good,Arabian Sea
OCEAN_00475,chlorophyll,31.71,PSU,22.848,74.8626,118.3,2025-08-02T21:43:57.609990,CTD,good,Arabian Sea
OCEAN_00476,pH,35.16,PSU,-3.594,66.5291,105.3,2025-06-28T05:23:15.702988,Satellite,good,Indian Ocean
OCEAN_00477,chlorophyll,35.92,PSU,-8.7681,82.9706,199.8,2025-09-25T13:45:18.894422,Ship Survey,good,Indian Ocean
OCEAN_00478,dissolved_oxygen,31.34,PSU,8.679,87.0441,44.1,2025-09-04T01:59:26.590621,Buoy,fair,Indian Ocean
OCEAN_00479,salinity,31.1,PSU,17.1432,70.6604,108.7,2025-11-30T21:20:33.872610,Satellite,good,Arabian Sea
OCEAN_00480,temperature,27.72,°C,-8.2329,69.5599,137.5,2025-08-20T17:00:07.808244,Satellite,good,Indian Ocean
OCEAN_00481,temperature,25.1,°C,18.0105,74.6026,29.4,2025-11-14T09:40:00.094222,Ship Survey,good,Arabian Sea
OCEAN_00482,temperature,29.5,°C,15.3012,73.3284,166.5,2025-11-21T18:39:47.837002,CTD,good,Arabian Sea
OCEAN_00483,chlorophyll,34.05,PSU,9.0357,80.0772,174.2,2025-07-25T05:43:39.886253,Satellite,good,Bay of Bengal
OCEAN_00484,dissolved_oxygen,37.71,PSU,12.0497,66.8526,182.8,2025-07-28T14:33:34.521577,Ship Survey,fair,Arabian Sea
OCEAN_00485,temperature,25.86,°C,-0.175,65.171,73.8,2025-07-26T19:09:06.462819,Satellite,good,Indian Ocean
OCEAN_00486,dissolved_oxygen,31.42,PSU,14.2147,70.4183,198.1,2025-06-26T21:44:22.575657,CTD,good,Arabian Sea
OCEAN_00487,salinity,35.25,PSU,5.974,67.6402,25.8,2025-11-12T19:53:55.903831,CTD,good,Indian Ocean
OCEAN_00488,dissolved_oxygen,33.57,PSU,13.6268,91.404,25.5,2025-12-03T13:25:59.343145,Ship Survey,good,Bay of Bengal
OCEAN_00489,dissolved_oxygen,33.95,PSU,-1.3796,70.054,4.7,2025-07-27T03:34:32.375751,Buoy,good,Indian Ocean
OCEAN_00490,temperature,24.62,°C,-8.8915,78.1019,45.8,2025-09-29T08:46:28.483704,Ship Survey,good,Indian Ocean
OCEAN_00491,dissolved_oxygen,33.77,PSU,9.2823,90.4488,177.2,2025-11-22T02:00:15.208978,Satellite,fair,Bay of Bengal
OCEAN_00492,salinity,35.46,PSU,-2.3837,80.1109,79.4,2025-09-28T18:17:41.655923,Ship Survey,good,Indian Ocean
OCEAN_00493,chlorophyll,36.82,PSU,19.2428,73.1465,148.4,2025-07-10T23:50:19.193434,CTD,fair,Arabian Sea
OCEAN_00494,temperature,22.39,°C,12.0316,89.636,196.5,2025-10-31T00:50:56.640925,Satellite,good,Bay of Bengal
OCEAN_00495,dissolved_oxygen,34.63,PSU,1.9036,69.0705,196.3,2025-10-05T06:19:00.751504,Buoy,good,Indian Ocean
OCEAN_00496,pH,35.36,PSU,7.955,85.3624,183.8,2025-06-29T15:10:48.504202,CTD,good,Bay of Bengal
OCEAN_00497,temperature,24.26,°C,8.3092,89.0851,7.9,2025-09-11T21:22:50.209187,CTD,good,Bay of Bengal
OCEAN_00498,salinity,36.52,PSU,11.8445,80.9115,152.7,2025-12-03T06:09:25.279391,CTD,good,Bay of Bengal
OCEAN_00499,pH,35.7,PSU,21.8417,74.705,66.2,2025-08-27T05:33:09.871142,Ship Survey,good,Arabian Sea
OCEAN_00500,salinity,30.95,PSU,10.4394,67.204,97.6,2025-07-20T01:09:02.404881,CTD,good,Arabian Sea
